Categoria,Id,Text,Font,Data de publicació,Ideologia
Biaix ideològic,1,"Sumar sigue sin rumbo: elige a Rosa Martínez y Verónica Barbero coordinadoras tras la 'fuga' de sus principales líderes. Admite el ""desgaste"" por los casos de corrupción del PSOE y se abre a ""alianzas coyunturales"" con partidos independentistas. La portavoz del Grupo de Sumar en el Congreso, Verónica Martínez Barbero, y la secretaria de Estado de Derechos Sociales, Rosa Martínez, han sido elegidas este sábado nuevas coordinadoras del Movimiento Sumar, en la asamblea extraordinaria del partido que se celebra en Madrid. Rosa Martínez fue diputada de Unidas Podemos por Vizcaya, en representación de Equo. Abandonó la formación morada en 2020 tras perder las primarias para ser candidata a lehendakari.Ya ejerció como coordinadora interina de Sumar tras la renuncia de Yolanda Díaz. Es licenciada en Ciencias Políticas por la Universidad Complutense. Por su parte, Verónica Martínez Barbero fue directora general de Trabajo, en la Vicepresidencia del Gobierno que ocupaba Pablo Iglesias.Asumió la portavocía del grupo plurinacional Sumar en el Congreso como figura de consenso tras la dimisión de Íñigo Errejón, acusado de acoso sexual. Pertenece al cuerpo de Inspectores de Trabajo por oposición. Ambas encabezaban la única candidatura presentada para el grupo coordinador Sumar, el máximo órgano de dirección del partido, y han recibido el apoyo del 95,92% de los 300 delegados que asisten a la asamblea. Sumar intenta cerrar así la herida abierta por la marcha de la anterior coordinadora, Lara Hernández, que había sido denunciada por presunto acoso laboral. Pero el partido no logra resolver su vacío de liderazgo, tras el paso atrás de Yolanda Díaz, quien ha abandonado los órganos de dirección, tras anunciar que no participará en las próximas elecciones. El único referente que continúa en esta nueva etapa es el ministro de Cultura y portavoz de Movimiento Sumar, Ernest Urtasun, aunque todavía se desconoce el cargo que ocupará en la nueva ejecutiva. El documento político-organizativo aprobado reconoce el ""desgaste"" que sufre el Gobierno y la formación, debido a las causas judiciales que afectan al PSOE. Y abre la puerta a alcanzar ""alianzas coyunturales"" con fuerzas independentistas, tras el ofrecimiento de Gabriel Rufián (ERC) a liderar una gran plataforma de extrema izquierda en las próximas elecciones generales. El documento aprobado también sostiene que en España ""aún no existe una democracia plenamente igualitaria"", debido al auge de los discursos ""antifeministas y reaccionarios, que buscan cuestionar los derechos de las mujeres y frenar los avances sociales"", informa Efe. Movimiento Sumar reivindica un feminismo interseccional, de clase y democrático, que ""sitúe la erradicación de las violencias machistas como una responsabilidad colectiva de las instituciones y de toda la sociedad"". Otro de los retos que afronta el partido es su falta de implantación en las distintas regiones. Para resolver esta carencia, la asamblea ha creado un Consejo Territorial ""descentralizado"" como órgano permanente de coordinación y representación, en el que participarán los representantes de las distintas agrupaciones ""plurinacionales"" que se constituyan. Además, Sumar celebrará cada tres meses una Conferencia Territorial, en la que participarán estas agrupaciones para definir de forma vinculante la estrategia política estatal del partido. Sus acuerdos, cuando alcancen mayoría cualificada, deberán ser debatidos y votados por los órganos estatales en un plazo máximo de treinta días.

",El Español,11/07/2026,Dreta
Biaix ideològic,2,"El congreso de Movimiento Sumar ratifica sin oposición a Verónica Martínez y Rosa Martínez como nuevas líderes. El partido elige a sus nuevas co-coordinadoras en sustitución de Lara Hernández en un congreso sin fuste y que evidencia la debilidad de la organización tras el paso atrás de Yolanda Díaz. La portavoz de la coalición Sumar en el Congreso, Verónica Martínez, y la secretaria de Estado de Derechos Sociales, Rosa Martínez, fueron elegidas nuevas líderes de Movimiento Sumar —el más pequeño de los partidos de la alianza— en la asamblea extraordinaria celebrada este sábado, la tercera en apenas tres años de vida de la organización. Martínez y Martínez fueron apoyadas por el 95,92% de los delegados enviados por los territorios a un congreso sin fuste y que se desarrolló sin que la formación permitiera la presencia de la prensa durante el día. Martínez y Martínez sustituyen en el liderazgo del menguado partido a Lara Hernández, que el pasado 1 de julio abandonó la formación denunciando ser víctima de una “campaña de desprestigio” tras el archivo de las denuncias internas por acoso contra ella. La candidatura de las nuevas co-coordinadoras de Movimiento Sumar es la única que se presentó para liderar la formación fundada en 2023 por Yolanda Díaz, que se desentendió de las labores orgánicas en 2024 y que este sábado se limitó a acudir como público al mitin de cierre que ofrecieron Martínez y Martínez. Sus intervenciones fueron precedidas por las del líder de UGT, Pepe Álvarez, la secretaria de Mujeres e Igualdad de CCOO, Carolina Vidal, o la eurodiputada Estrella Galán. Tras la dimisión de Hernández, y ante la falta de debate interno en relación a una hoja de ruta política que se actualizó hace poco más de un año, todos los debates llegaban ya cocinados al congreso. Y, como se esperaba, la reunión de este sábado fue de trámite y evidenció la debilidad de la organización, que ni tan siquiera llenó las en torno a 400 plazas del salón de actos del Colegio Oficial de Odontólogos (COEM), donde se celebró la asamblea. La principal novedad que salió de ella fue la creación de un colectivo juvenil de Movimiento Sumar y la puesta en marcha de un nuevo órgano, llamado “Consejo Territorial”, para representar a las diferentes federaciones autonómicas del partido, que se reunirán al menos una vez cada tres meses. Con su elección como nuevas líderes, Martínez y Martínez tratarán de dar carpetazo a la crisis más grave de la corta vida de Movimiento Sumar, abierta conocerse las acusaciones de acoso laboral contra Lara Hernández. No obstante, el futuro del partido, una vez Yolanda Díaz ha anunciado que dejará la política al final de la legislatura, está sumido en un mar de dudas. La formación debe encontrar un encaje dentro de la coalición con Más Madrid, Comuns e IU, y es una incógnita, incluso, si hay lugar para esta organización en un espacio —el de las izquierdas de ámbito estatal— copado por IU y Podemos. En su discurso tras ser formalmente nombrada nueva co-coordinadora, Verónica Martínez se refirió precisamente a este asunto para reivindicar que Movimiento Sumar, pese a que apenas tiene estructuras y militantes, sigue siendo necesario. “Si hay algo que hemos ido comprobando y demostrando mientras gobernamos es que la España que queremos solo la puede construir la izquierda, pero también que no lo hará una sola organización, ni tampoco una sola tradición política”, sostuvo Martínez, que afirmó que “las izquierdas nunca hemos necesitado pensar exactamente igual para cambiar la vida de la gente”. “Lo que necesitamos es compartir un propósito y entender que la riqueza de un proyecto no está en que desaparezcan las diferencias, sino en ser capaces de ponerlas al servicio de un objetivo común”, planteó. Y “esa”, dijo, “es la idea de frente común en la que creemos: no una suma de siglas ni un reparto de espacios, sino un proyecto compartido entre organizaciones que saben que hay momentos en los que defender la propia identidad consiste, precisamente, en ser capaces de construir con quien no piensa idéntico”. En la misma línea se expresó Rosa Martínez, que se mostró partidaria de “explorar todas las posibilidades que nos permitan construir un frente amplio a partir del trabajo conjunto que llevamos tiempo realizando con Comuns, Más Madrid e IU”. “Un frente amplio que dé respuesta a la exigencia de la gente de izquierdas, la gente progresista, la gente trabajadora que no desea un gobierno de PP y Vox”, planteó.",El Diario,11/07/2026,Esquerra
Biaix ideològic,3,"Verónica Martínez Barbero y Rosa Martínez, nuevas líderes de Sumar La asamblea respalda con un 95,92% a una dirección bicéfala, impulsa un Consejo Territorial y abre alianzas coyunturales mientras Díaz se aparta y Urtasun define su papel. El tablero político de la izquierda vive este sábado una jornada de reordenación. Mientras el PSOE de Madrid despejaba sus incógnitas electorales —certificando la paz regional y la guerra abierta en las primarias de la capital—, a nivel nacional han sido Verónica Martínez Barbero, portavoz de Sumar en el Congreso, y Rosa Martínez, secretaria de Estado de Derechos Sociales, quienes han intentado suturar sus propias heridas internas. Ambas han sido proclamadas nuevas máximas dirigentes de Movimiento Sumar en una asamblea extraordinaria celebrada este sábado. La candidatura conjunta obtuvo un respaldo del 95,92%, según confirmaron fuentes de la organización. La lista vencedora era la única que competía para el grupo coordinador, el principal órgano de dirección del partido. Con esta elección, el partido recupera el modelo de liderazgo bicéfalo avalado en la asamblea de marzo de 2025 (cuando fueron nombrados coordinadores el diputado Carlos Martín y Lara Hernández). Ambas toman ahora el relevo de Hernández, cuya salida estuvo precedida por la dimisión de la exsecretaria de Organización, Laura Moreno, que desveló una investigación interna por supuesto trato vejatorio a trabajadores del partido; un duro golpe orgánico que Hernández denunció como una “campaña de desprestigio” antes de abandonar la formación el pasado 1 de julio. El dato más simbólico, sin embargo, es el paso atrás definitivo de su principal figura: Yolanda Díaz, fundadora de la organización en 2023 y coordinadora hasta su dimisión en 2024, queda totalmente desvinculada de la estructura orgánica de Movimiento Sumar al no figurar en la candidatura ganadora. El nuevo texto organizativo, de hecho, enmarca esta salida no como una derrota, sino como una apuesta para transformar el espacio. Martínez Barbero ha asegurado que la vicepresidenta segunda del Gobierno sigue siendo referente del partido y ""de la izquierda de este país"", aunque no forme parte de la nueva dirección. En esta nueva etapa, el rostro más reconocible para el gran público que se mantiene es el ministro de Cultura y portavoz de Movimiento Sumar, Ernest Urtasun. Junto a él se consolida Martínez Barbero, quien ya asumió la portavocía parlamentaria como figura de consenso tras la dimisión de Íñigo Errejón por las denuncias de supuesta agresión sexual. Por el momento no se ha concretado qué función desempeñará Urtasun en la próxima ejecutiva reunida este sábado en el espacio COEM de Madrid. Fin del 'paraguas' orgánico. Las nuevas dirigentes asumen el control en un contexto delicado, con la crisis interna aún latente y un perfil público debilitado frente a otras fuerzas de la coalición Sumar, como Izquierda Unida. En un verano marcado por la desorientación progresista, Movimiento Sumar trata de redefinir su espacio: su nueva hoja de ruta decreta el fin de su rol como ""paraguas político"" de distintas organizaciones para redefinirse como una fuerza estatal con identidad propia centrada en el ""laborismo ecosocialista"". El documento político-organizativo que marcará el rumbo del partido fue avalado por el 98,96% de los delegados. El texto admite el “desgaste” derivado de los procedimientos judiciales que afectan al socio de Gobierno, el PSOE, y contempla la posibilidad de “alianzas coyunturales” con fuerzas independentistas. Este giro se produce tras el ofrecimiento de Gabriel Rufián (ERC) para articular a las izquierdas de cara a las próximas elecciones generales. Para evitar que esa futura alianza vuelva a ser ""la enésima suma de piezas y aparatos políticos"", Sumar exige dotar al frente amplio de reglas comunes que aporten estabilidad: mecanismos democráticos para elegir candidaturas, censos abiertos a la ciudadanía y primarias para resolver desacuerdos. En lo ideológico, la formación enarbola la intervención de la vivienda frente a la especulación, la industrialización verde y la soberanía digital frente a los ""tecno-oligarcas"".La asamblea también aprobó cinco resoluciones orientadas a redefinir objetivos y estrategia. Una de ellas apuesta por reforzar las alianzas con el conjunto de actores progresistas, basadas en la cooperación, el reconocimiento mutuo y el respeto a la autonomía de cada organización. Asimismo, el cónclave ha aprobado el impulso del espacio ecosocialista 'Apostamos' junto con Partido Verde-Equo y la creación de un Espacio Joven autónomo. Otra resolución crea el Consejo Territorial para afianzar su implantación autonómica. En el plano puramente orgánico, el partido impulsará el proyecto 'Sumar X2' para duplicar su militancia, creará la Fundación Sumar y tejerá una red de 'Ateneos Populares' abiertos a la sociedad civil. El reloj corre hacia 2027: municipales y aún sin candidato Más allá de la arquitectura interna del partido, la plataforma, en la que también se integran Más Madrid y los comunes, tiene pendiente el cambio de denominación y la designación de su candidato o candidata a las generales previstas en 2027, tras la confirmación de Yolanda Díaz en febrero de que no repetirá en las listas. Además, la formación se ha fijado como prioridad para las elecciones municipales de mayo de 2027 recuperar el espíritu de las candidaturas de confluencia ciudadana surgidas en 2015. El reloj corre y la presión de sus aliados amenaza con asfixiar los tiempos de la nueva dirección. Izquierda Unida, bajo el mando de Antonio Maíllo, ha pisado el acelerador exigiendo que la coalición cierre el debate y elija a un candidato definitivo este próximo mes de septiembre. Es un rompecabezas de difícil solución. Con figuras de peso como Pablo Bustinduy o Ada Colau descartadas públicamente para liderar el tique electoral, perfiles externos como el líder de CCOO, Unai Sordo, continúan flotando en unas quinielas que la nueva bicefalia de Sumar tendrá que empezar a gestionar desde este mismo lunes.",El Confidencial,11/07/2026,Central 
Biaix ideològic,4,"El drama de los autónomos: 1,5 millones de estos trabajadores no se pueden coger bajas sin cerrar su negocio. El índice de bajas entre los asalariados es 4,5 veces superior. Las bajas por IT descienden un 10% entre los autónomos pero son más largas porque continúan trabajando estando enfermos. El absentismo por baja médica ha dejado de ser un fenómeno coyuntural para convertirse en un problema estructural que afecta directamente a la supervivencia de cientos de miles de pequeñas empresas, con una tendencia al alza debida a la interacción de múltiples factores entre los que destaca el envejecimiento general de la población, la prolongación de la vida laboral y el retraso de la jubilación efectiva, que han transformado las plantillas, advirtieron ayer desde el Consejo de Graduados Sociales, que asegura que el porcentaje de bajas sobre trabajadores protegidos en el Régimen General ha crecido más de un 70%. Solo en 2025, los procesos iniciados crecieron un 14,4%, hasta alcanzar 926.394, mientras que los procesos activos superaron los 1,24 millones al cierre del pasado ejercicio. Un problema para la CEOE «que va a más allá» de las cifras, y que ya supone un coste anual que ha cifrado en 33.000 millones de euros que deben asumir las empresas. Pero, en el caso de los autónomos, el problema no es solo económico. En España, 1,5 millones de trabajadores por cuenta propia desarrollan su actividad sin asalariados. Para todos ellos, una incapacidad temporal supone, en la práctica, cerrar el negocio, paralizar completamente su actividad, dejar de percibir ingresos desde el primer día y asumir el riesgo de perder clientes o incluso de no poder recuperar posteriormente su actividad económica. Esta realidad explica que «se vean obligados a retrasar las visitas al médico y continúen desarrollando su actividad hasta que la enfermedad les impide seguir trabajando», denuncia Eduardo Abad, presidente de UPTA. Entre el primer trimestre de 2024 y el primero de 2026, el número autónomos protegidos aumentó un 2,5%, pasando de 3.310.323 a 3.391.709 personas. Sin embargo, durante ese mismo periodo los procesos de incapacidad temporal iniciados descendieron un 10,1%, pasando de 122.422 a 110.094, mientras que los procesos finalizados disminuyeron un 10,4%, hasta situarse en 109.450. La incidencia de la incapacidad temporal cayó un 11,9%, pasando de 12,33 a 10,86 procesos por cada 1.000 trabajadores protegidos. También descendió el número de procesos en vigor, que pasaron de 140.718 a 136.416, un 3,1% menos. Paradójicamente, la duración de las bajas siguió aumentando. Los procesos finalizados pasaron de una duración media de 96,4 días a 101,5 días, es decir, 5,1 días más (+5,3%). En el caso de las bajas que permanecen en vigor, la duración media alcanzó los 203,4 días, frente a los 192,8 días registrados hace dos años, un incremento de 10,6 días (+5,5%). Desde UPTA consideran que estos datos «no significan que los autónomos enfermen menos, sino que muchos continúan trabajando aun estando enfermos porque no pueden permitirse dejar de hacerlo». En ATA, destacan que «el índice de bajas entre los asalariados es 4,5 veces superior a la de los autónomos –un 0,9% entre los autónomos y un 4,4% entre asalariados–, y mientras que la incidencia de bajas entre los autónomos se ha reducido en los últimos siete años, entre los asalariados se ha duplicado. «Usamos el mismo sistema de salud los autónomos que los asalariados, vamos a los mismos médicos, la edad media es superior entre autónomos que asalariados, aguantamos las mismas listas de espera y sufrimos la salud mental. También de media trabajamos una jornada más a la semana que los asalariados. La salud de todos, trabajadores y autónomos es lo primero y primordial, pero estos datos son para una reflexión sosegada», incide Lorenzo Amor, presidente de ATA. Para la secretaria general de Uatae, María José Landaburu, esta diferencia estadística no se debe a la existencia de privilegios o abusos, sino a una realidad ""mucho más incómoda"". Así, ha denunciado que ""hay demasiada gente que trabaja enferma porque no puede permitirse parar"" debido a las consecuencias económicas de frenar su actividad. ""Cuando una persona autónoma llega a una incapacidad de más de cien días de media, conviene preguntarse si no llegó tarde al sistema y si no faltó prevención"". El Partido Popular ha avanzado que está preparando un plan contra el absentismo laboral, en el que aseguran que tendrán en cuenta la situación de los autónomos propondrá «incentivos para premiar al cumplidor» y medidas para «combatir el fraude» que se ha extendido los últimos años. La presidenta madrileña, Isabel Díaz Ayuso, defendió ayer la postura sobre el absentismo del líder del PP, Alberto Núñez Feijóo, tras asegurar que «tiene más razón que un santo», pues «cada día 1,6 millones de personas no van a trabajar y hay muchas de ellas que pueden evitarlo».

",La Razón,10/07/2026,Dreta
Biaix ideològic,5,"Los médicos se plantan ante las conspiraciones de Feijóo con las bajas: ""Evidencia cuál es su objetivo"". Los profesionales sanitarios recuerdan que se juegan ""su credibilidad"" cuando tramitan una baja. Alberto Núñez Feijóo se propuso marcar la semana política este martes, cuando se labró una nueva crisis política por sus palabras sobre el absentismo laboral. En un intento por criticar el fraude que, quizás, reveló más de lo que quería sobre cuál es su proyecto de país y para quién gobernaría si llega a la Moncloa, el líder del Partido Popular, defendió que los trabajadores cobren menos cuando están de baja, y avanzó que, de ser presidente del Gobierno, reformaría la normativa ""con o sin acuerdo"" entre la patronal y los sindicatos. El repertorio de formas de señalar a la clase trabajadora no se quedó ahí. Precisamente frente al Círculo de Empresarios Vascos, Feijóo criticó los convenios que, como excepción y previo acuerdo entre agentes sociales, permiten que si algo impide a un empleado acudir a su puesto de trabajo, pueda mantener el 100% de su sueldo. ""Si en los convenios de empresa se pacta que una persona que no va a trabajar cobre lo mismo que cuando va a trabajar, ¿qué quieren que les diga? Si, además, la Administración Pública considera que un ciudadano puede darse de baja y no ir a trabajar sin justificación y sigue teniendo el mismo sueldo y las mismas prestaciones, entonces pasa lo que ocurre, pero este absentismo no se sostiene"", dijo. El líder popular llegó a calificar el absentismo como un ""cáncer que no podemos sostener"". La elección de la enfermadad como metáfora le valió las críticas del Gobierno y el resto de la izquierda. Pero, sin duda, el mejor síntoma del error de Feijóo es que, durante el resto de la semana, hasta miembros de su propio partido han salido a matizarle o, incluso, corregirle. ""Convendría tener cautela a la hora de hacer ciertas comparaciones"", respondió al ser preguntado el portavoz del PP, Borja Sémper, recién reincorporado al puesto tras una baja de diez meses por un cáncer de páncreas. Otro gran síntoma de en qué posición está Feijóo es que la única muestra de apoyo visible entre sus filas ha surgido de quien aspira a quitarle su puesto, Isabel Díaz Ayuso. La presidenta madrileña dijo que el líder de su partido tiene ""más razón que un santo"". Feijóo y Ayuso siembran dudas sobre los médicos. La cuestión es que, cuando un trabajador se da de baja temporal por enfermedad o incapacidad, no es una decisión suya, no elige contraer dicha condición. La baja la tramita un profesional sanitario, que evalua que la persona que la solicita, efectivamente, no está capacitada para hacer su trabajo. Poner el acento en el absentismo y vincularlo con el fraude, como hizo Feijóo, no solo criminaliza a los trabajadores y genera un clima de sospecha en las empresas. Esto también supone dudar de los médicos y sugerir que muchas de las ""1,6 millones de personas"" que no van a trabajar cada día que tanto preocupan a Ayuso, reciben el permiso fraudulento por parte de los profesionales. O, en las palabras de la popular, ""pueden evitarlo"". ""Me parece injustificable la puesta en duda de cualquier funcionario público en este caso, los médicos y las enfermeras, a las que también nombró, en su labor diaria. Y en las condiciones en las que muchas veces están trabajando los profesionales"", dice Julián Ordóñez, médico y secretario de Sanidad de del sector de servicios públicos de UGT en Madrid. El sindicalista reclama respeto a la labor de estos trabajadores, y no dudar de su profesionalidad: ""Una baja médica es un documento oficial del que nadie puede dudar, porque cuando un facultativo emite un parte de baja, está poniendo en ello toda su profesionalidad, y en juego tanto su credibilidad, como su propio título y, con ello, su medio de vida"", recuerda. En la misma dirección van desde AMYTS (Asociación de Médicos y Titulados Superiores de Madrid), que rechazó ""cualquier intento de trasladar esa sospecha a los facultativos"". ""De existir comportamientos irregulares, estos no pueden identificarse de manera automática con los procesos de incapacidad temporal"", señalan. Los recortes en Sanidad que sí agudizan el absentismo. Los profesionales recuerdan que el deber de la clase política es poner el foco en las causas del problema, y no echar leña barata al fuego de un debate social muy complejo. Por ejemplo, que los recortes en Sanidad, como los que hay en comunidades que gobierna el PP, causan que aumenten las bajas laborales. Cuanto peor es la atención sanitaria, peor es la salud de la población, más aumentan los tiempos de espera, y hay trabajadores que reciben el alta médica mucho antes, por ejemplo, de ser intervenidos por esa dolencia. ""La incapacidad temporal es un fenómeno complejo, compartido por la mayoría de los países de nuestro entorno, y en el que confluyen factores sociales, laborales, culturales y sanitarios. Por ello, [AMYTS] considera que reducir el debate a una presunta responsabilidad de los profesionales médicos supone ofrecer una visión parcial de un problema mucho más amplio. Entre los factores que consideran imprescindible analizar figura el deterioro de la salud mental, cada vez más presente en los procesos de incapacidad temporal, así como la insuficiencia de políticas preventivas en numerosos ámbitos laborales, incluido el propio sistema sanitario. La respuesta pasa por comprender las causas que explican este fenómeno, y no por señalar responsables simplificando el debate"", exigen desde el sindicato. Los médicos exigen ""un análisis basado en la evidencia"", como única forma de identificar por qué cada vez más trabajadores que, según Ayuso ""pueden evitarlo"", dejan de ir a trabajar. ""Permitirá identificar las causas reales del incremento de la incapacidad temporal y adoptar medidas eficaces"", señalan. Para ellos, las palabras de Feijóo son tan reveladoras cómo preocupantes: ""Está claro que el error que cometió no fue lo que dijo, sino que evidenció cuál es el objetivo programático que tienen en este tema con todos los trabajadores y su salud"", dice Ordóñez.
",El Plural,10/07/2026,Esquerra
Biaix ideològic,6,"Manuel Martín, médico de familia, explica cómo funcionan las bajas laborales: “Puede haber gente con un médico amigo que le facilite una, pero la realidad no va por ahí”. El doctor analiza con ‘Infobae’ las causas del aumento del absentismo laboral y critica la propuesta de “políticas restrictivas”. El aumento de las bajas laborales preocupa a las empresas españolas. La Confederación Española de Organizaciones Empresariales (CEOE) calcula que 1,4 millones de personas faltan al trabajo todos los días, lo que provoca un coste de 33.000 millones de euros al año para el sector privado. La mayoría de estas ausencias se deben a problemas de salud certificados, lo que ha hecho que algunos pongan en duda el sistema de incapacidad temporal español. El pasado martes, el presidente del Partido Popular, Alberto Núñez Feijóo, calificó el aumento del absentismo laboral de “cáncer que no podemos pagar”. El líder del PP apeló directamente al mal hacer de algunos facultativos. ""Es muy difícil que un médico no le dé la baja a un colega o que una enfermera no le dé la baja a un médico"", agregó en una intervención en el Círculo de Empresarios Vascos. La realidad que ven los médicos en su consulta es muy distinta, según Manuel Martín García. El doctor, que trabaja en la sanidad pública gallega, reconoce que el fraude existe, pero es minoritario. “Hay médicos que pueden tener conflictos de intereses, pero son una minoría dentro de la realidad del sistema sanitario. No ha habido ningún cambio en el sistema que determine que los médicos sean, en este momento, más corruptos que antes”, responde por teléfono a Infobae. “Puede ocurrir que haya gente que tenga un médico amigo que le facilite una baja cuando no la necesita, pero la realidad no va por ahí”, añade. El especialista en Medicina Familiar y Comunitaria recuerda que “las personas no se dan de baja a sí mismas, sino que la decide un médico de familia del Sistema Nacional de Salud (SNS), con capacidad para poder hacerlo”. “Si una persona está enferma, acude a su médico de familia y le cuenta los síntomas que tiene. En función de la información que le aporte al médico y de las exploraciones que realice, pues le pide un tratamiento, pero también decide si la persona no está en condiciones de poder desarrollar su trabajo”, añade. La preocupación que se transmite desde la derecha no es en vano: entre 2017 y 2024, las bajas laborales han aumentado un 60%, según el último informe de la Autoridad Independiente de Responsabilidad Fiscal (AIReF). En 2025, el gasto público por incapacidad temporal ascendió hasta los 18.400 millones de euros. Las causas a las que alude la autoridad financiera son variadas e incluyen aspectos no modificables (envejecimiento de la población y aumento de las enfermedades crónicas), otros deseables, como el aumento de los derechos laborales; y otros modificables no deseables, entre los que las listas de espera son el principal problema. Martín García hace un diagnóstico similar desde su experiencia en consulta. “Un factor importante es que el sistema sanitario no está funcionando de manera accesible y eficiente, con lo cual muchos de los problemas de salud que antes se resolvían rápidamente tardan en atenderse"", dice. En ese sentido, las listas de espera agravan el pronóstico clínico de los pacientes. “El paciente no recibe su tratamiento en el momento apropiado, entonces un problema que puede solucionarse mediante una medicación sencilla o un tratamiento psicológico, acaba siendo un problema de salud que exige un tratamiento mayor y una prolongación en el tiempo en que la persona no está capacitada para poder trabajar”, dice. “Por otro lado, tenemos un problema relacionado con el envejecimiento de la población: a medida que las personas tienen más años, también aumentan las enfermedades crónicas, degenerativas, etc. Y luego, tenemos un estilo de vida que genera problemas de salud mental y no tenemos un sistema sanitario preparado para abordarlos”, explica. Los trastornos mentales ya son la segunda causa de incapacidad en España, según un informe del sindicato UGT de 2025. El presidente de la CEOE en Castilla-La Mancha, Ángel Nicolás, llegó a calificar el pasado mes de junio de “memos” a los jóvenes que solicitaban la baja por estos motivos. “Ahora se les da la baja porque les deja la novia”, valoró. En este sentido, Martín García recalca que las bajas por salud mental se dan tras “una valoración clínica que realiza un profesional de la sanidad que tiene formación y capacidad suficiente para entender lo que le pasa a la persona, si puede o no trabajar o si necesita un tratamiento con un antipsicótico, ansiolítico o un antidepresivo”. “Si el problema que tenemos es que ha habido un aumento de las personas que tienen baja por enfermedad mental, habrá que hacer un esfuerzo importante para valorar por qué aumentan, no es porque la población quiera defraudar”, reivindica. Para el médico y portavoz de la Federación de Asociaciones para la Defensa de la Sanidad Pública (FADSP), resolver el problema del absentismo laboral no pasa por aplicar “políticas restrictivas”. “Habrá que buscar los determinantes que hacen que aumente un determinado tipo de patologías, habrá que ver si nuestro sistema sanitario trata a tiempo y adecuadamente a los pacientes o si hay posibilidades de mejorar situaciones concretas que hacen que aumente el número de personas enfermas”, concluye.



",Infobae,10/07/2026,Central
Biaix ideològic,7,"Moncloa ve en los ataques de Trump un balón de oxígeno en pleno asedio por la corrupción. Sánchez revela una conversación informal con el presidente de EE.UU. sobre fútbol y receta «paciencia y tranquilidad» para lidiar con sus habituales invectivas. En pleno asedio por los casos de corrupción, Pedro Sánchez ha vuelto a encontrar en Donald Trump un aliado, no tan inesperado como cabría esperar, en los márgenes de la cumbre de la OTAN en Ankara. El enfrentamiento de la Administración norteamericana con España no es una novedad y se ha convertido en uno de los puntales estratégicos del Gobierno. Durante meses, el propio Sánchez ha buscado azuzar e incluso instrumentalizar los choques con el líder de EE.UU., tratando de erigirse como antagonista y exprimiendo este perfil a nivel internacional. En paralelo, también le ha servido de coartada para escorar los asuntos más espinosos de la agenda nacional y los que generan un mayor desgaste para el Ejecutivo. Objetivo conseguido. En la rueda de prensa posterior a la cumbre, el grueso de las preguntas que los periodistas dirigieron a Sánchez versaron sobre el enfrentamiento con Trump y solo hubo turnos residuales para cuestiones domésticas como los Presupuestos o la decisión judicial que impidió viajar a Begoña Gómez a Turquía. Sobre este asunto el presidente no quiso siquiera pronunciarse para no desviar el foco. Nada sobre las diversas causas judiciales que cercan al Gobierno, desde José Luis Rodríguez Zapatero a Leire Díez, que quedaron totalmente opacadas por el choque con el líder norteamericano. Durante su intervención, Sánchez confirmó que había mantenido una charla «informal» con el propio Trump en la que habían hablado sobre fútbol en el marco del Mundial. Cara a cara, cuestiones intrascendentes con «total cordialidad», ningún reproche. «Sin ninguna tirantez», reconoció. El propio Sánchez recetó «paciencia y tranquilidad» para digerir las nuevas invectivas lanzadas por su homólogo de EE.UU.. Desde primera hora en Moncloa evitaron escalar el choque y trataron de proyectar sosiego. La delegación española acudía a Ankara con la lección aprendida, respecto a ocasiones precedentes, y pertrechada de datos suficientes para defender que España es un «aliado fiable» de la Alianza. Una retahíla de hitos, a modo de reivindicación, que Sánchez glosó en su comparecencia ante los medios y que también defendió a puerta cerrada. De hecho, lo que generó cierta sorpresa en el equipo del presidente fue que en los primeros compases de la cumbre, Trump ignorase por completo a España en el reparto de reproches que sí dedicó a otros socios como Francia, Reino Unido o incluso Italia. Sin embargo, esta suerte de tregua verbal se rompió a las pocas horas, cuando Trump arremetió con dureza contra nuestro país asegurando «no querer comerciar» con España, al acusar al Ejecutivo de «no participar» y de «no pagar»: «Es un aliado terrible de la OTAN». En el Gobierno no tardaron en emitir una respuesta, porque ciertamente no es la primera vez que tienen que reaccionar ante este tipo de amenazas. En Moncloa se aferran al paraguas europeo y recuerdan que EE.UU. no puede romper unilateralmente los lazos comerciales con España, que se encuentra al amparo de Bruselas. «Ya hemos estado aquí», recuerdan, en referencia a otras advertencias previas de Trump que no se tradujeron en nada. «Tranquilidad», repiten. En Moncloa ya abordaron hace tiempo cómo debían relacionarse con el presidente de EE.UU. cuando emitía declaraciones en este sentido. La estrategia de proyección personal de Sánchez, negándose a cumplir con el objetivo del 5% de gasto en defensa, trata de hacerse compatible con la reivindicación de que España, como potencia, es fiable dentro de la Alianza y amplía sus capacidades. «La relación bilateral entre EEUU y España es beneficiosa para ambos países, tanto en el ámbito comercial como en el de la defensa», inciden fuentes gubernamentales, que puntualizan también que su intención es que eso no cambie en el futuro. Desde el Gobierno recuerdan al presidente republicano que Estados Unidos se beneficia más que España de la relación bilateral entre ambos, y que la Unión Europea es una unión comercial en la que no puede singularizarse a ningún Estado miembro. En ese sentido, reiteran que los vínculos económicos «los tejen las empresas privadas, no los gobiernos». La respuesta del Gobierno español llegó después de que durante una reunión con Mark Rutte, secretario general de la OTAN, Trump volviera a insistir en cortar las relaciones comerciales con España. «España es hostil y ya veremos cómo de hostil será cuando llamen y nos digan: 'Por favor, por favor, señor, queremos comerciar con ustedes'. Hacen mucho dinero con nosotros y van a dejar de hacerlo. No quiero comerciar con ellos», señaló. «España es una causa perdida. Por cierto, ya no queremos hacer ningún negocio comercial con España. Quiero que lo corten. España es un aliado terrible en la OTAN. No participan. No pagan. No quiero saber nada de España. Corten todo el comercio con España, por favor, incluidas las visitas», dijo el presidente desde Ankara.",ABC,09/07/2026,Dreta
Biaix ideològic,8,"Las posibilidades de Trump de imponer un bloqueo comercial a España: esto dice la legislación de EEUU y el “bazuca” que puede usar Sánchez. El presidente estadounidense ha ordenado al secretario del Tesoro de EEUU cortar “completamente” las relaciones comerciales con el país. El presidente de Estados Unidos, Donald Trump, ha vuelto a cargar contra el Gobierno español durante su participación en la cumbre de la Organización del Tratado del Atlántico Norte (OTAN), celebrada este miércoles en Ankara, Turquía. El líder republicano ha calificado al Ejecutivo español como “un socio terrible” y ha comunicado su decisión de ordenar al secretario del Tesoro de EEUU, Scott Bessent, cortar “completamente” el comercio con España. Las quejas del presidente estadounidense con España y el Gobierno de Pedro Sánchez no han cesado desde que asumió su segundo mandato al frente de la Casa Blanca, en enero de 2025, principalmente por la negativa del Ejecutivo socialista de aumentar la partida presupuestaria destinada a la defensa. “España es una causa perdida. Ya no queremos hacer ningún negocio comercial con ellos. Quiero que lo corten. Es un aliado terrible en la OTAN. No participan. No pagan. No quiero saber nada de España. Corten todo el comercio con España, incluidas las visitas”, ha lamentado. La respuesta de Moncloa no se ha hecho esperar, asegurando que “España es un país que cumple lo que dice”, según el ministro de Asuntos Exteriores, José Manuel Albares, que, respecto a las “cifras reales”, destacó que el país ha llegado al 2% en capacidades, algo que no cumplen todos los aliados de la OTAN. Por su parte, el secretario general de la organización se ha pronunciado sobre el debate, asegurando que el hito del 2% en defensa de España es un “logo” del presidente estadounidense. La amenaza de Trump, una réplica de la ya lanzada en marzo en Washington ante la sonrisa del canciller alemán, Frederich Merz, se basa en la Ley de Poderes para Emergencias Económicas Internacionales, de 1977. Una ley estadounidense que intentó usar en el pasado, pero que fue bloqueada por el Alto Tribunal, ya que no puede usarse para imponer aranceles, sino que es necesario que exista una “amenaza extraordinaria e inusual” para la seguridad del país. De esta manera, el presidente Trump tendría la facultad de aplicar esta ley sobre España, pero lo más probable es que tanto el Congreso como los tribunales terminen tumbando su medida por ser una mala interpretación de la norma, ya que la ley está hecha para ser aplicada a países que hayan abusado de derechos humanos, nieguen la libertad religiosa, con represión política, corrupción política o retrocesos en los procesos democráticos, según recoge el Congreso de EEUU. El arma de España ante la amenaza de Trump
Ante esta interpretación de la norma, Estados Unidos ha dado el visto bueno a los embargos a Cuba, Venezuela e Irán, pero sería difícil equiparar la disputa con España -negarse a aumentar el gasto en defensa o no prestar sus bases a la guerra con Irán- con estas otras. Aun así, el propio Sánchez ha minimizado las amenazas de Trump, tomándoselas “con calma y normalidad”. Sánchez, al igual que el resto de líderes de la UE, sabe que cuenta con un arma propia de la Unión Europea conocida como la “bazuca comercial” (Instrumento Anti-Coerción), que permite a los países del bloque responder ante intentos de chantaje económico por parte de terceros Estados. Si una nación extranjera intenta presionar a la UE o a uno de sus miembros mediante amenazas o acciones que perjudiquen el comercio o la inversión, como la imposición de aranceles o el corte de relaciones comerciales, la Unión puede activar este mecanismo para defender sus intereses. El funcionamiento del instrumento está centrado en la disuasión: la Comisión Europea busca evitar que otros países mantengan prácticas coercitivas, mostrando la capacidad de responder con medidas como aranceles, restricciones a servicios, limitaciones sobre derechos de propiedad intelectual y obstáculos a la inversión extranjera o a la contratación pública. Estas contramedidas pueden desplegarse si el país que ejerce presión no retira sus acciones hostiles. Además, su activación solo requiere una mayoría cualificada, sin necesidad de unanimidad entre los Estados miembros. Este instrumento, creado en 2021, se utilizó en 2023 frente a China, luego de que Pekín bloqueara las importaciones lituanas como represalia política. Aunque actualmente no se especula oficialmente sobre su aplicación en el caso de una guerra comercial con Estados Unidos, desde la UE han confirmado en repetidas ocasiones su disposición a proteger sus intereses si fuese necesario.

",Infobae,09/07/2026,Central
Biaix ideològic,9,"Trump dice ahora que España ""se redimió"" al acceder a una solicitud de pago a la OTAN
El mandatario ha señalado que España ha sido ""muy generosa"", tras criticar al país un día atrás por su gasto en defensa. El presidente de Estados Unidos, Donald Trump, aseguró este miércoles que España ""se redimió por completo"" después de que el Gobierno del país ibérico accediera a una ""importante solicitud de pago"" a la OTAN, un gesto que el republicano elogió, luego de haber criticado fuertemente a la nación europea durante la cumbre de la Alianza Atlántica en Ankara (Turquía). ""Debo decir que tuve problemas con España, y aún los tengo, pero hoy España se redimió por completo. España fue muy generosa hoy... accedieron a una solicitud de pago importante, y si no lo hubieran hecho, ni siquiera les habríamos hablado"", afirmó el mandatario. Trump hizo estas declaraciones a bordo del Air Force One, durante el vuelo de regreso a Washington desde Ankara, al referirse a la decisión de España de acceder a una ""importante"" solicitud de pago en el marco de la OTAN, sin ofrecer más detalles sobre el acuerdo.El mandatario no precisó a qué ""importante solicitud de pago"" se refería. Hasta antes de esas declaraciones, recogidas por EFE, el desacuerdo entre Washington y Madrid giraba en torno al compromiso español con el objetivo de destinar el 5% del PIB a defensa, una meta que el Gobierno que preside Pedro Sánchez considera innecesaria para cumplir los requerimientos militares de la OTAN. El líder republicano se pronunció así en rueda de prensa al ser preguntado sobre sus críticas a España y a otros aliados como Italia o Reino Unido por no haber respaldado los ataques estadounidenses contra Teherán, y sobre si apoyaría a esos países en caso de ataque, tal y como establece la cláusula de defensa colectiva de la Alianza. Tensión en la cumbre de Ankara
Previamente, el jefe de Estado norteamericano había insistido en que España ""se portó muy mal"" por no haberlo respaldado en su ofensiva contra Irán, pero destacó la ""unidad tremenda"" que hubo durante la cumbre de líderes de la OTAN. ""Se portaron muy mal, en mi opinión. Pero hoy ha habido una gran unidad en esa sala, la sala de la OTAN. La verdad es que ha sido bastante impresionante. Ha habido algo muy positivo en ello"", ha destacado. Estas últimas declaraciones del mandatario estadounidense contrastan con las formuladas horas antes en una rueda de prensa conjunta con el secretario general de la Alianza, Mark Rutte, cuando amenazó con detener ""completamente"" el comercio bilateral con España, país al que entonces tildó de ""socio terrible de la OTAN"" por negarse a elevar el gasto en Defensa hasta el 5% del Producto Interior Bruto (PIB). Durante la cumbre, Trump recalcó que ""España es una causa perdida. Por cierto, ya no queremos hacer ningún negocio comercial con España. Quiero que lo corten. España es un aliado terrible en la OTAN. No participan. No pagan. No quiero saber nada de España. Corten todo el comercio con España, por favor, incluidas las visitas"", según informa Europa Press. Pese a tales palabras, al término de la cita en Turquía, Trump se ha referido a la cumbre de la OTAN como ""exitosa"" y colmada de ""unificación"" de los aliados, al tiempo que ha recordado que el año pasado se logró elevar el objetivo de gasto en defensa del 2% al 5% del PIB, una cifra que ""todos decían que era imposible"", y ha confiado en que los países que todavía no se han comprometido con ese objetivo -entre los que está España- terminarán por hacerlo ""bastante pronto"", después de que hoy se hayan mostrado ""muy positivos"" al respecto. Si la cumbre del año pasado en La Haya fue la del compromiso de invertir en diez años un 5% del PIB en gasto militar, la de Ankara debía ser la de la cumplimiento, según Rutte, en la que los aliados mostraran una senda creíble para lograr esa meta. ""Estamos reequilibrando nuestra seguridad para mejor, y de eso se trata la OTAN 3.0"", en palabras de Rutte, quien dijo entender la ""irritación"" de EEUU por la inferior inversión militar de los aliados europeos y Canadá que ahora, en cambio, está virando.",Público,09/07/2026,Esquerra
Biaix ideològic,10,"¿Con Franco se vivía mejor? Desde mi punto de vista sí. Había ciertas cosas en aquellos tiempos en las que no estabamos modernizados, per había tranquilidad trabajando, no había problemas, podías pasear por la calle tranquilamente y podías dejar la puerta de casa abierta sin miedo. Si, ¿estás de acuerdo? Sí, teníamos esa tranquilidad. Yo era joven, tenía 15 años cuando viné a Madrid, entonces, bueno, en tranquilidad. Tal vez es que no teníamos tanto. Vale, una pregunta desde las más absoluta ignorancia porque yo soy del 93. Quiero preguntarles, ¿a qué se debe ese cambio sobretodo de inseguridad? ¿porque había mas tranquilidad antes como me habéis comentado antes? Porque ahora hay más libertad, libertd malentendida. Puede haber libertad, pero la justícia debería de ser mucho más fuerte y la persona que roba tendría que tener un castigo mucho mayor de lo que está teniendo ahora. Antes teníamos temor, tu tenías 18 años y llevabas el pelo largo y tenías temor de que te parara la policia, y era su función. Ahora la policia tiene mucha dejadez de funciones porque no le dejan actuar como deben actuar, con mas mano dura como en su momento.",Tiktok (RescueYou),29/05/2026,Dreta
Llenguatge emocional,11,"Señor Abascal, estamos en la provincia de Huelva y su riqueza proviene grandemente de la población extranjera, ¿cómo se puede aplicar el principio de la autoridad nacional sin afectar a la riqueza de la província y sin afectar a la convivencia? Usted se habrá dado cuenta de la contradicción que tiene en la pregunta que me ha hecho, porque si la población extranjera trae tanta riqueza, ¿porque hay que darles ayudas sociales, o hay que darles una vivienda social pública que necesiten los españoles? Usted parte de una falsa hipótesi, no me está haciendo una pregunta si no que me está dando una opiniín que ya he contestado. Las personas extranjeras que están en España respetando nuestras leyes, que no piensan imponer uan religión fanática que convierta las mujeres en seres inferiores, que están trabajando, que están cotizando y pagando impuestos, son personas a las que valoramos. Pero lo que estamos denunciando principalmente es que hay extranjeros que vienen a delinquir, hay extranjeros que vienen a imponer fanatismos y hay extranjeros que vienen a recibir las ayudas sociales que necesitan los españoles. Y para eso tenemos respuestas también, repatriación de los que entran ilegalmente, deportación de los que cometen delitos sean legales o ilegales y un proceso de remigración para los que están aquí solo para recibir las ayudas sociales de los españoles. El extranjero que viene a colaborar i levantar este país es bienvenido. No hay niguna contradicción en nuestra posición, pero en su pregunta he de decirle que creo que sí que la había.",Tiktok (vox_espana),24/04/2026,Dreta
Llenguatge emocional,12,"Si Vox llega al gobierno, recortará los derechos de las mujeres, interrogante. Nosotros vamos a ampliarlos, los derechos de las mujeres, porque los derechos de las mujeres han sido recortados con este gobierno, porque se han multiplicado las violaciones, porque este gobierno los violadores en la calle, y se ha dedicado a importar a gente que no respeta a las mujeres. Me parece que somos el partido que defiende más a las mujeres. Nosotros queremos dejar en prisión de manera perpetua a los agresores sexuales de mujeres. Creo que no hay ningún partido que tenga esta posición tan firme y tan nítida en esta materia.",Tiktok (vox_espana),02/11/2025,Dreta
Llenguatge emocional,13,"Así te hemos contado la presentación de la plataforma de Yolanda Díaz: ""El futuro ya está aquí y se llama Sumar"". Yolanda Díaz ya ha hecho oficial su candidatura con Sumar para las elecciones generales. ""Quiero ser la primera presidenta del país, porque la España de las mujeres es imparable"", ha asegurado, en la presentación de un proyecto con aires feministas, sindicalistas y ecologistas. Frente a una auditorio abarrotado, la ministra de Trabajo se ha acompañado de un plantel de mujeres, cuya elección ha supuesto toda una declaración de intenciones. Junto a ella, posaban orgullosas en el polideportivo Magariños ni más ni menos que la alcaldesa de Barcelona Ada Colau; Mónica García, de Más Madrid; la activista trans y exdiputada del PSOE Carla Antonelli; la eurodiputada de Unidas Podemos María Eugenia Rodríguez Palop y la novelista nicaragüense Gioconda Belli, entre otras. Entre el público también estaban presentes otros dirigentes políticos de primera línea de formaciones como Más País, Izquierda Unida, Compromís, la Chunta aragonesista, Batzarre, Drago, Verdes Equo, Movimiento por la Dignidad y la Ciudadanía de Ceuta o el Partido Verde Europeo.olanda Díaz: ""Quiero ser la primera presidenta del país"" El acto ha terminado con el esperado anuncio de Yolanda Díaz a los presentes en el Polideportivo Magariños de Madrid: será la candidata de Sumar a las elecciones generales del otoño de 2023.""Sí, quiero ser la primera presidenta de nuestro país, quiero ser la primera presidenta de España, quiero ser la primera presidenta del país porque es el tiempo de las mujeres, porque las mujeres queremos ser las protagonistas de la historia. Quiero ser la primera presidenta del país, porque la España de las mujeres es imparable, porque no hay marcha atrás"", ha afirmado de manera literal. Díaz ha reconocido que es una mujer que duda mucho, motivo por el cual ha tardado en oficializar su candidatura, si bien ha considerado que ""dudar es muy importante para tomar decisiones importantes en la vida"". ""Y hoy humildemente creo que puedo ser útil a nuestro país"", ha dicho. ""Lo vamos a conseguir"", ha recalcado entre gritos y aplausos de las cerca de 3.000 personas que la han acompañado en el polideportivo Magariños donde ha puesto en marcha el contador electoral. Yolanda Díaz: ""Las mujeres estamos cansadas de tutelas El feminismo ha tenido un lugar muy relevante en el discurso de Yolanda Díaz en el acto de presentación de Sumar, en el que ha recordado que ""las mujeres estamos cansadas de tutelas"", para añadir: ""No pertenecemos a nadie más que a nosotras mismas"". ""No lo olvidemos, nosotras hacemos política para hacer a la gente feliz, desde el sindicalismo, la lucha de las mujeres... Este es nuestro país, un país feminista. Tenemos esperanza"", ha zanjado ""Decía Rosalía de Castro: Yo soy libre, nadie puede detener la marcha de mis pensamientos. Y es cierto, las mujeres somos libres, no somos de nadie. Las mujeres no somos de nadie. Y yo, mujer, tampoco soy de nadie. Es necesario que lo proclamemos, porque parece que aún hoy debemos llevar una preposición 'de' pegada a nuestro nombre, para marcar nuestras adhesiones y nuestras deudas. Estamos cansadas de tutelas. No pertenecemos a nadie más que a nosotras mismas"", ha alegado mientras recordaba esta frase que, asegura, le enseña a su hija a diario. En este momento, ha recordado a otra gran mujer de la historia de nuestro país, como María Lejárraga.


",Público,02/04/2023,Esquerra
Llenguatge emocional,14,"La humanidad en consecuencia, señorías, se enfrenta a un dilema existencial y las decisiones que tomemos hoy van a condicionar el mundo en el que viviremos el resto de nuestras vidas y legaremos a nuestros hijos y a nuestras hijas. Es decir, hay mucho en juego. Y como les digo, existen solamente dos alternativas. Por un lado, esa propuesta de las derechas retrógradas que quieren desmantelar prácticamente todos los avances que hemos logrado durante estas últimas décadas. Esas derechas lo que hacen es rezumar clasismo. Reniegan de las conquistas en derechos, en dignidad laboral, rechazan el estado del bienestar, niegan el cambio climático, desprecian a quienes aman de forma distinta a ellos, imponen un modelo único y excluyente (...)  (...) por cada euro que un gobierno autonómico municipal reaccionario retire de la prevención y la eliminación de este cáncer social, nosotros vamos a dedicar diez euros a la lucha contra la violencia de género. Y por cada minuto de respeto que los políticos de Vox nieguen a las víctimas de la violencia de género, nosotros les consagramos todo nuestro tiempo y todo nuestro esfuerzo.",El País (Discurso de investidura de Pedre Sánchez),15/11/2023,Esquerra
Llenguatge emocional,15,"¡Hola a todos! ¡Yo soy el león!... Cuando hace dos años nos metimos en este barro, los malditos micrófonos de la casta decían que era imposible que estuviéramos acá. Decían que los liberales éramos simpáticos pero que no dábamos los votos, que éramos una minoría ruidosa, que no íbamos a pasar las PASO, que íbamos a perder contra el voto en blanco. ¡Y mirá dónde estamos hoy! Hemos logrado una gesta histórica que nadie en la historia de este país fue capaz de hacer en tan poco tiempo. ¡Y todo lo hicimos a pulmón, con el corazón en la mano, a pesar de sus operaciones, de sus mentiras, de sus difamaciones y de su persecución asquerosa! A mí me da una profunda tristeza ver cómo destruyeron este país que alguna vez fue el más rico del mundo. Me desgarra el alma ver a los padres argentinos llorando porque sus hijos se van del país a buscar una oportunidad afuera. Me duele ver a los abuelitos tener que elegir entre comprarse los remedios o comer ese día. Nos destruyeron la vida, nos robaron el fruto de nuestro trabajo, nos quitaron el futuro de nuestros hijos. Nos quieren esclavos de sus dádivas, nos quieren sumisos, de rodillas. ¡Pero no contaban con que el león iba a despertar! ¡No contaban con que el pueblo argentino iba a decir ""basta""! Por eso, les pido con el corazón en la mano: esta elección no se trata de mí. Yo soy un humano más, lleno de errores. Esta elección se trata de ustedes, se trata de sus hijos, se trata de sus nietos. Se trata de si queremos seguir viviendo en esta maldita miseria o si queremos recuperar la libertad para volver a ser los arquitectos de nuestro propio destino. No tengan miedo, el miedo es la herramienta de los cobardes que quieren mantener sus privilegios. Salgamos a la calle con la cabeza alta, con el orgullo de saber que estamos haciendo historia. ¡Viva la libertad, carajo!",Youtube (Milei tancament de campanya Movistar Arena),19/10/2023,Dreta
Llenguatge emocional,16,"«Usted, señor Sánchez, no ha dejado a un solo español vivo tranquilo, y desde luego no se ha olvidado usted de los muertos... Ese empeño en profanar tumbas y en remover huesos con una ley de memoria... De verdad se lo decimos con el corazón en la mano: ustedes, que tratan como violadores a todos los hombres de España, al menos como violadores en potencia, no tratan como violadores a los violadores reales, a los que nos dicen que son víctimas que merecen la reinserción y a los que rebajan las penas para sacarlos a la calle. Los españoles, también los de izquierda, sienten un respeto sacramental a la mujer y a la palabra madre. Y vamos a luchar para que sea respetada por nuestras leyes y por nuestras instituciones, al igual que vamos a derogar todas las leyes que denigran a la mujer, que la borran negándole su singularidad y su propia naturaleza. Porque ustedes han destruido la verdadera igualdad: la igualdad de oportunidades. Ustedes persiguen el mérito y el esfuerzo en la escuela... y con eso roban a las personas más humildes la posibilidad de que se reconozca su valía y que se les brinden mejores oportunidades. Les roban la posibilidad de prosperar porque ustedes solo quieren igualdad en la miseria y en la ruina.»",Santiago Abascal,21/03/2023,Dreta
Llenguatge emocional,17,"EEUU piensa que el mundo es suyo... No lo podemos permitir... Rompamos relaciones con EEUU y salgamos de la OTAN antes de que sea tarde""","X (Twitter), @ionebelarra",03/01/2026,Esquerra
Llenguatge emocional,18,"España ya es otra, España ya ha cambiado y no vamos a parar hasta que la dignidad se haga costumbre... que viva la furia trans, que viva el orgullo LGTBI... que viva la lucha antiracista y que viva la lucha de las mujeres",Declaracions de Irene Montero recollides per Telecinco,21/11/2023,Esquerra
Llenguatge emocional,19,"""La primera verdad que el aprendiz de tirano dice en 7 años: la invasión migratoria trae inseguridad y destruye el mercado de la vivienda.""","X (Twitter), @Santi_ABASCAL",30/6/2026,Dreta
Llenguatge emocional,20,"Bueno, aquí tenemos a un par de vecinos de la Zona Franca de toda la vida y nos cuentan cómo, según ellos, el barrio se ha ido degradando y todo lo que está pasando últimamente. Hace poco vinieron un par de argelinos y le robaron la cadena a una mujer. Y es de lo que estamos hablando: cada día, una historia nueva. Ayer también asaltaron por la espalda a un hombre mayor. Esto, dicen, ya es el pan de cada día. Y siempre son los mismos. Esto no viene de ahora, viene de hace ya unos cinco años. Cuando a un hombre mayor le robaron la báscula, le dieron una paliza, lo detuvieron y después también robaron a mi abuela. Entonces hicimos un grupo por toda la Zona Franca, organizamos un WhatsApp y un grupo de Facebook en el que estábamos en contacto todos para ayudarnos. Pero ahora sentimos que hemos vuelto al mismo punto. A mi abuela, de 88 años, la volvieron a robar. Le rompieron la clavícula, la cadera y el fémur. Todo por una simple cadena. Ahora bajan del hospital y con los patinetes vienen hasta aquí, vigilan cómo está la zona, actúan y se van. Entonces ahora vosotros estáis conectados en grupos de WhatsApp y os vais comunicando entre vosotros. El problema del barrio es que hace poco también había dos rumanas robando por aquí y lo publicábamos todo en Facebook para que la gente supiera lo que estaba pasando, sobre todo por la noche, y pudiera estar alerta. Llamamos por cada incidencia a la Guardia Urbana y muchas veces nos dicen que solo hay dos patrullas para toda esta zona y que una sola patrulla no puede venir. Al final somos los propios vecinos los que intentamos ayudarnos unos a otros. Si hace falta organizar patrullas vecinales, como está pasando en Bellvitge, lo haremos. Como me estáis comentando, ahora estáis más organizados entre vosotros y, desde el Ayuntamiento de Barcelona y desde el distrito, vamos a hacer todo lo posible para revertir estos problemas.",Tiktok (vox_barcelona),16/06/2026,Dreta
Desinformació,21,"Los desayunos de la vicepresidenta del Gobierno, Yolanda Díaz, son todo menos equilibrados porque hay un desequilibrio evidente para la salud y para los bolsillos, en este caso de todos los españoles: su ministerio pasa factura de nada más y nada menos que 68.000 euros destinados a ese primer almuerzo diario. El ministerio de Trabajo y Economía Social, dirigido por Yolanda Díaz, se gasta 68.000 euros en churros, porras y bollería industrial para los desayunos de sus empleados, muy lejos de la dieta saludable que recomiendan en Sanidad o Consumo.",ESdiario,17/02/2024,N/A
Desinformació,22,"Me presento. Soy Manuel. Soy inmigrante, no trabajo. Recibo ayudas cada mes. Vivo de la comida y de ocupar viviendas. Ocupo esta casa desde hace 10 años y nunca he pagado alquiler. Solo vivo de una casa ocupada. El dueño me paga la luz y el agua, y yo vivo gratis. También, durante los 10 años que he vivido aquí, nunca he trabajado. Solo vivo de ayudas, ayudas, ayudas. Cada día me levanto a las 12, veo películas, como y no hago nada más. Y eso es lo que muchos españoles quieren entender muy bien. Te lo agradezco para que lo entiendas. Yo no trabajo. No muevo mi culo de la silla. Seguramente a muchos les gustaría estar como yo, comiendo y poniéndose más gorditos, como yo. Pero no todos van a tener esa suerte. Tú dices que tú trabajas y yo como de tu dinero. Muy bien, tú trabajas y yo como. ¿Por qué? Porque no todos van a trabajar; unos van a trabajar y otros van a tener que comer. Entonces, yo soy el que come y tú eres el que trabaja. Un saludo. ¡Viva España!",Youtube (AlLimite),31/07/2024,N/A
Desinformació,23,"Señor Illa, el pasado martes un hombre fue asesinado a tiros en pleno centro de Barcelona, en la calle Balmes. Hace apenas unos días otro hombre era ejecutado también a tiros en Salou. Hace unas semanas un hombre moría apuñalado en Badalona y podríamos seguir enumerando asesinatos, tiroteos y agresiones que ya forman parte del día a día de Cataluña. Los tiroteos, los asesinatos, se han convertido en el paisaje de Cataluña. Hoy los catalanes se preguntan qué ha pasado en apenas dos generaciones para pasar de escuchar al sereno y dormir con la puerta abierta a convertirnos en Ciudad Juárez. ¿Hasta cuándo piensa seguir negando esta realidad?""",Ignacio Garriga al Parlament,17/06/2026,N/A
Desinformació,24,"Mi trabajo consiste entre otras en conceder subsidios de desempleo [...] Para este subsidio un inmigrante tiene muchas más papeletas de recibir estas ayudas que cualquier ciudadano español"", y también que ""un marroquí con sólo trabajar 6 meses ya puede traer en la práctica a toda su familia a España",Cadena de WhatsApp/audio viral,17/06/2026,N/A