Id,Categoria,biaix_intensitat_A,desinfo_intensitat_A,emocional_intensitat_A,biaix_intensitat_B,desinfo_intensitat_B,emocional_intensitat_B,biaix_num_A,biaix_num_B,biaix_diff,desinfo_num_A,desinfo_num_B,desinfo_diff,emocional_num_A,emocional_num_B,emocional_diff,discrepancia_total
101,Biaix ideològic,nul·la,nul·la,nul·la,lleu,nul·la,lleu,0,1,1,0,0,0,0,1,1,2
102,Biaix ideològic,nul·la,lleu,nul·la,alta,moderada,moderada,0,3,3,1,2,1,0,2,2,6
103,Biaix ideològic,nul·la,nul·la,nul·la,lleu,nul·la,moderada,0,1,1,0,0,0,0,2,2,3
104,Llenguatge emocional,nul·la,nul·la,lleu,alta,moderada,alta,0,3,3,0,2,2,1,3,2,7
105,Llenguatge emocional,nul·la,nul·la,moderada,moderada,lleu,alta,0,2,2,0,1,1,2,3,1,4
106,Llenguatge emocional,nul·la,nul·la,lleu,alta,moderada,alta,0,3,3,0,2,2,1,3,2,7
107,Llenguatge emocional,nul·la,nul·la,lleu,moderada,lleu,alta,0,2,2,0,1,1,1,3,2,5
108,Llenguatge emocional,nul·la,lleu,lleu,moderada,lleu,alta,0,2,2,1,1,0,1,3,2,4
109,Desinformació,nul·la,lleu,lleu,alta,moderada,moderada,0,3,3,1,2,1,1,2,1,5
