Id,Categoria,Ideologia,biaix_intensitat,biaix_fragment,biaix_explicacio,desinformacio_intensitat,desinformacio_fragment,desinformacio_explicacio,emocional_intensitat,emocional_fragment,emocional_explicacio
1,Biaix ideològic,Dreta,alta,"Sumar sigue sin rumbo: elige a Rosa Martínez y Verónica Barbero coordinadoras tras la 'fuga' de sus principales líderes. Admite el ""desgaste"" por los casos de corrupción del PSOE y se abre a ""alianzas coyunturales"" con partidos independentistas.","El titular concentra un framing negatiu sistemàtic amb múltiples indicadors coordinats: 'sin rumbo' (desqualificació global del partit), 'fuga' (dramatitza les sortides com a abandonament desesperat), 'desgaste' (reforça la narrativa de crisi), 'vacío de liderazgo' i 'herida abierta' al cos del text. A més, els verbs carregats com 'admite' impliquen culpabilitat, i 'no logra resolver' reforça la incompetència. Es presenten 6+ indicis coordinats que construeixen una narrativa unidireccional de caos i fracàs del partit, sense cap contrapunt positiu ni equilibri informatiu. L'ús d'«extrema izquierda» per descriure la proposta de Rufián afegeix una etiqueta valorativa addicional.",lleu,tras el ofrecimiento de Gabriel Rufián (ERC) a liderar una gran plataforma de extrema izquierda en las próximas elecciones generales,"Qualificar la proposta de Rufián com a 'plataforma de extrema izquierda' és una caracterització que no es correspon necessàriament amb els termes exactes de l'oferiment original, sinó que és una interpretació carregada del mitjà. A més, algunes afirmacions com 'el partido no logra resolver su vacío de liderazgo' es presenten com a fets objectius quan són valoracions editorials. No hi ha dades numèriques falses evidents, però sí una generalització interpretativa sense font directa.",moderada,sin rumbo / 'fuga' de sus principales líderes / herida abierta / vacío de liderazgo / desgaste,"El text acumula 4-5 recursos emocionals coordinats: metàfores dramàtiques ('herida abierta', 'fuga', 'vacío'), paraules carregades negativament ('sin rumbo', 'desgaste') i una estructura narrativa que apel·la a la sensació de crisi i descomposició. Tot i que no hi ha exclamacions, majúscules ni urgència explícita, la saturació de metàfores negatives genera una càrrega emocional moderada que condiciona la lectura del text cap a una percepció de fracàs inevitable."
2,Biaix ideològic,Esquerra,alta,un congreso sin fuste y que evidencia la debilidad de la organización tras el paso atrás de Yolanda Díaz / menguado partido / se desentendió de las labores orgánicas / todos los debates llegaban ya cocinados al congreso / ni tan siquiera llenó las en torno a 400 plazas / está sumido en un mar de dudas / apenas tiene estructuras y militantes,"El text presenta un framing negatiu sistemàtic i coordinat contra Movimiento Sumar amb 6+ indicis clars: (1) 'sin fuste' repetit dues vegades, desqualificant l'acte; (2) 'debilidad de la organización' com a diagnòstic editorial; (3) 'menguado partido' com a adjectiu valoratiu denigrant; (4) 'se desentendió' implica abandó culpable de Díaz; (5) 'cocinados' suggereix absència de democràcia interna; (6) 'ni tan siquiera llenó las 400 plazas' amplifica la feblesa amb dades concretes; (7) 'sumido en un mar de dudas' i 'es una incógnita incluso si hay lugar para esta organización' qüestionen la pròpia raó de ser del partit. Tot el text està estructurat per transmetre una narrativa de decadència, irrellevància i fracàs organitzatiu, sense oferir cap contrapunt positiu ni veu interna que contradigui aquesta lectura, excepte les cites literals de les líders al final que queden emmarcades com a defensa davant l'evidència de feblesa.",lleu,ni tan siquiera llenó las en torno a 400 plazas del salón de actos del Colegio Oficial de Odontólogos (COEM),"La dada de les 400 places i la referència al COEM són verificables, però el text afirma que no es va omplir sense citar cap font ni xifra concreta d'assistència, cosa que converteix aquesta afirmació en una observació editorial presentada com a fet. Igualment, l'afirmació que Díaz 'se desentendió de las labores orgánicas en 2024' és una interpretació sense font atribuïda. No hi ha falsedats flagrants ni narrativa enganyosa coordinada, però sí generalitzacions editorials ('todos los debates llegaban ya cocinados') sense evidència citada.",moderada,la crisis más grave de la corta vida de Movimiento Sumar / sumido en un mar de dudas / debilidad / menguado / sin fuste / dar carpetazo / campaña de desprestigio,"Hi ha 4-5 recursos emocionals coordinats: (1) paraules emocionals negatives acumulades ('crisis', 'debilidad', 'menguado', 'sin fuste'); (2) metàfores dramàtiques ('sumido en un mar de dudas', 'dar carpetazo'); (3) hipèrbole amb 'la crisis más grave'; (4) la referència a 'campaña de desprestigio' i 'acoso' carrega emocionalment el context de la sortida de Hernández. No arriba a alta perquè no hi ha urgència explícita ('ara o mai'), ni majúscules, ni exclamacions, ni apel·lacions directes a la identitat del lector, però la saturació de vocabulari negatiu coordinat supera clarament el nivell lleu."
3,Biaix ideològic,Central ,moderada,suturar sus propias heridas internas / un duro golpe orgánico / crisis interna aún latente y un perfil público debilitado / desorientación progresista / la presión de sus aliados amenaza con asfixiar los tiempos / Es un rompecabezas de difícil solución,"El text presenta un framing negatiu coordinat i sostingut sobre Sumar: 'suturar heridas', 'duro golpe', 'crisis latente', 'perfil debilitado', 'desorientación', 'asfixiar', 'rompecabezas de difícil solución'. Són 6+ expressions de framing negatiu, però no arriben a biaix alta perquè no hi ha insults directes, polarització nosaltres/ells, ni denigració explícita d'una ideologia. Es tracta d'un framing negatiu estructural moderat: el text narra fets reals (dimissions, crisis orgànica) però els embolcalla sistemàticament amb vocabulari que emfatitza el caos i la debilitat, sense oferir un contrapunt equilibrat (el 95,92% de suport o el 98,96% d'aprovació es presenten com a dades menors davant la narrativa dominant de crisi).",lleu,"perfiles externos como el líder de CCOO, Unai Sordo, continúan flotando en unas quinielas","El text presenta rumors i especulacions ('quinielas', 'continúan flotando') sense citar cap font concreta que avali que Unai Sordo sigui realment un candidat considerat. La majoria de dades factuals (percentatges, càrrecs, dates) són atribuïdes a 'fuentes de la organización' o són verificables públicament. No hi ha narrativa enganyosa coordinada, però sí una generalització especulativa presentada com a informació rellevant sense suport documental clar.",moderada,suturar sus propias heridas internas / un duro golpe orgánico / campaña de desprestigio / desorientación progresista / la presión de sus aliados amenaza con asfixiar los tiempos / El reloj corre / Es un rompecabezas de difícil solución,"El text utilitza 4-5 recursos emocionals coordinats: metàfores corporals/mèdiques ('suturar heridas', 'duro golpe'), llenguatge d'urgència ('el reloj corre', 'asfixiar los tiempos'), metàfores de conflicte ('guerra abierta', 'ha pisado el acelerador') i hipèrboles retòriques ('rompecabezas de difícil solución'). No arriba a saturació retòrica (no hi ha majúscules, exclamacions ni anàfores), però la coordinació de metàfores emocionals és prou sostinguda per superar el nivell lleu i situar-se en moderada."
4,Biaix ideològic,Dreta,moderada,"El drama de los autónomos: 1,5 millones de estos trabajadores no se pueden coger bajas sin cerrar su negocio","El framing negatiu 'drama' al titular, amplificat per la cifra '1,5 millones', constitueix un biaix coordinat (framing + cifra = moderada segons rúbrica). A més, el text dona veu gairebé exclusivament a organitzacions d'autònoms (UPTA, ATA, Uatae) i al PP, sense contrastar amb la perspectiva del govern, sindicats de treballadors o la Seguretat Social. La inclusió final de les declaracions d'Ayuso i Feijóo sobre 'fraude' i 'absentisme' sense contrapunt reforça un framing que implícitament culpabilitza els assalariats i el sistema actual, afegint verbs carregats com 'combatir el fraude que se ha extendido'.",moderada,"cada día 1,6 millones de personas no van a trabajar y hay muchas de ellas que pueden evitarlo","La declaració d'Ayuso barreja dades reals d'incapacitat temporal amb la insinuació de frau generalitzat ('muchas de ellas que pueden evitarlo') sense cap evidència ni font que quantifiqui el frau. A més, la cifra de '33.000 millones de euros' de cost atribuïda a la CEOE es presenta sense metodologia ni font documental verificable. El text també afirma que el PP 'propondrá incentivos para premiar al cumplidor y medidas para combatir el fraude que se ha extendido los últimos años', presentant com a fet establert que el frau s'ha estès, sense dades que ho sustensin.",moderada,"cerrar el negocio, paralizar completamente su actividad, dejar de percibir ingresos desde el primer día y asumir el riesgo de perder clientes o incluso de no poder recuperar posteriormente su actividad económica","El text utilitza almenys 4-5 recursos emocionals coordinats: (1) la paraula 'drama' al titular com a etiqueta emocional; (2) l'enumeració acumulativa de conseqüències negatives ('cerrar, paralizar, dejar de percibir, perder clientes') que crea una escalada dramàtica deliberada; (3) l'expressió 'se vean obligados a retrasar las visitas al médico' que apel·la a l'empatia i la injustícia; (4) 'hay demasiada gente que trabaja enferma porque no puede permitirse parar', que evoca patiment i vulnerabilitat; (5) 'tiene más razón que un santo' com a hipèrbole valorativa. Tot i contenir moltes dades, el marc retòric emocional és sostingut."
5,Biaix ideològic,Esquerra,alta,"se labró una nueva crisis política por sus palabras sobre el absentismo laboral. En un intento por criticar el fraude que, quizás, reveló más de lo que quería sobre cuál es su proyecto de país y para quién gobernaría si llega a la Moncloa","El text presenta un biaix ideològic alt i sistemàtic contra Feijóo i el PP. Hi ha framing negatiu estructural constant: 'se labró una nueva crisis', 'el mejor síntoma del error de Feijóo', 'criminaliza a los trabajadores', 'echar leña barata al fuego'. S'utilitzen verbs carregats com 'señalar a la clase trabajadora', 'siembran dudas sobre los médicos'. Es construeix una polarització clara entre bandos: treballadors/metges (víctimes) vs Feijóo/Ayuso (agressors). L'article selecciona exclusivament fonts crítiques amb Feijóo (sindicats, AMYTS) sense cap veu que doni suport o contextualitzi la seva posició. Fins i tot les matisacions internes del PP (Sémper) es presenten com a prova de l'error de Feijóo, i l'únic suport (Ayuso) es desqualifica insinuant que vol 'quitarle su puesto'.",lleu,"los recortes en Sanidad, como los que hay en comunidades que gobierna el PP, causan que aumenten las bajas laborales","S'estableix una relació causal directa entre retallades sanitàries en comunitats del PP i l'augment de baixes laborals sense citar cap estudi, informe o dada concreta que ho sustenti. És una generalització presentada com a fet establert. La resta del text cita fonts identificables (AMYTS, UGT, declaracions públiques de Feijóo), però aquesta afirmació causal concreta manca de suport documental i simplifica un fenomen que el propi text reconeix com a 'complex'.",alta,criminaliza a los trabajadores y genera un clima de sospecha en las empresas,"El text acumula múltiples recursos emocionals coordinats: paraules emocionals intenses ('criminaliza', 'conspiraciones' al titular, 'cáncer', 'leña barata al fuego'), apel·lacions a identitat col·lectiva ('clase trabajadora', 'profesionales sanitarios' com a col·lectiu amenaçat), hipèrboles retòriques ('reveló más de lo que quería sobre cuál es su proyecto de país'), urgència implícita ('evidenció cuál es el objetivo programático que tienen... con todos los trabajadores y su salud'). El titular ja utilitza 'conspiraciones' —paraula molt carregada— quan Feijóo no va formular cap conspiració, sinó una proposta política. La metàfora mèdica ('síntoma del error') es reutilitza irònicament com a recurs retòric. Tot plegat configura una saturació emocional que busca indignació i identificació amb els treballadors/metges."
6,Biaix ideològic,Central,moderada,"La preocupación que se transmite desde la derecha no es en vano: entre 2017 y 2024, las bajas laborales han aumentado un 60%","El text presenta un biaix coordinat de centre-esquerra. Hi ha framing negatiu sistemàtic cap a la dreta: s'atribueix la 'preocupació' explícitament a 'la derecha' com a bloc, es citen declaracions de Feijóo i del president de la CEOE com a exemples de posicions extremes o ridícules ('memos', 'cáncer'), mentre que la veu del metge (contrapart) es presenta com 'la realitat' objectiva. El text utilitza verbs carregats ('calificó', 'llegó a calificar de memos') per denigrar les posicions empresarials i del PP, mentre les del doctor es presenten amb verbs neutres ('explica', 'recalca', 'reivindica'). A més, l'estructura és clarament asimètrica: la proposta de 'polítiques restrictives' es critica sense explicar-la, i no s'inclou cap veu experta que defensi la posició contrària. Són 4-5 indicis coordinats (framing asimètric, verbs carregats diferenciats, selecció tendenciosa de fonts, omissió de contraarguments experts), cosa que situa el biaix en moderada.",lleu,"La Confederación Española de Organizaciones Empresariales (CEOE) calcula que 1,4 millones de personas faltan al trabajo todos los días, lo que provoca un coste de 33.000 millones de euros al año para el sector privado.","Les dades principals estan atribuïdes a fonts identificables (CEOE, AIReF, UGT), cosa que redueix el risc de desinformació. No obstant, la xifra de '33.000 millones de euros' prové de la CEOE (part interessada), i el text la presenta com a fet objectiu sense contextualitzar que és una estimació d'una organització empresarial amb interès directe. De manera similar, la frase 'el fraude existe, pero es minoritario' no s'acompanya de cap dada que quantifiqui aquest frau. És un únic indici aïllat (dada d'una font interessada presentada sense context crític), per la qual cosa es classifica com a lleu.",moderada,calificó el aumento del absentismo laboral de 'cáncer que no podemos pagar' / llegó a calificar [...] de 'memos' a los jóvenes que solicitaban la baja por estos motivos. 'Ahora se les da la baja porque les deja la novia',"El text inclou múltiples recursos emocionals coordinats: (1) la metàfora 'cáncer que no podemos pagar' de Feijóo és una paraula emocionalment molt carregada; (2) l'insult 'memos' als joves apel·la directament a la indignació del públic jove; (3) la trivialització 'porque les deja la novia' busca provocar rebuig emocional; (4) el verb 'reivindica' atribuït al metge implica lluita i dignitat. Encara que formalment són cites textuals, la selecció i col·locació estratègica d'aquestes declaracions (les més provocadores dels polítics de dreta) funciona com a recurs retòric deliberat per generar indignació. Són 4-5 recursos emocionals coordinats, cosa que situa el nivell en moderada."
7,Biaix ideològic,Dreta,alta,"En pleno asedio por los casos de corrupción, Pedro Sánchez ha vuelto a encontrar en Donald Trump un aliado, no tan inesperado como cabría esperar [...] el propio Sánchez ha buscado azuzar e incluso instrumentalizar los choques con el líder de EE.UU. [...] también le ha servido de coartada para escorar los asuntos más espinosos de la agenda nacional y los que generan un mayor desgaste para el Ejecutivo","El text presenta un framing negatiu sistemàtic i coordinat contra Sánchez amb múltiples indicadors: (1) 'asedio por la corrupción' repetit dues vegades com a marc estructural, (2) verbs carregats que impliquen intencionalitat manipuladora: 'azuzar', 'instrumentalizar', 'exprimir', 'escorar', (3) 'coartada' implica engany deliberat, (4) 'desgaste' com a framing negatiu, (5) la narrativa completa presenta Sánchez com un estratega cínic que utilitza Trump per tapar la corrupció, sense considerar cap interpretació alternativa legítima, (6) 'se aferran al paraguas europeo' implica debilitat. Tot l'article està construït des d'una tesi editorial antigovernamental presentada com a crònica informativa, cosa que constitueix biaix polaritzant i sistemàtic.",moderada,"Nada sobre las diversas causas judiciales que cercan al Gobierno, desde José Luis Rodríguez Zapatero a Leire Díez, que quedaron totalmente opacadas por el choque con el líder norteamericano","Hi ha múltiples indicadors: (1) S'afirma com a fet que Sánchez busca 'instrumentalizar' el conflicte amb Trump per tapar corrupció, presentant una interpretació editorial com si fos un fet verificat, sense cap font que ho confirmi. (2) 'Objetivo conseguido' s'enuncia com a conclusió factual d'una estratègia que és pura especulació de l'autor. (3) La vinculació Zapatero-Leire Díez amb 'causas que cercan al Gobierno' és una generalització que barreja situacions judicials molt diferents sense precisió. No hi ha dades falses flagrants, però la presentació de supòsits com a fets contrastats i l'omissió de context alternatiu configuren desinformació moderada.",moderada,En pleno asedio [...] azuzar e incluso instrumentalizar [...] coartada para escorar los asuntos más espinosos [...] causas judiciales que cercan al Gobierno [...] arremetió con dureza [...] se aferran al paraguas europeo,"S'identifiquen 4-5 recursos emocionals coordinats: (1) Metàfores bèl·liques que evoquen setge i amenaça: 'asedio', 'cercan', 'pertrechada', 'arremetió'. (2) Paraules amb càrrega emocional negativa: 'azuzar', 'instrumentalizar', 'coartada', 'espinosos'. (3) L'estructura narrativa genera una sensació de cinisme i engany que apel·la a la indignació del lector. (4) Les cites directes de Trump ('causa perdida', 'aliado terrible', 'corten todo el comercio') s'insereixen sense contrapès emocional, amplificant l'efecte dramàtic. No arriba a alta perquè no hi ha exclamacions, majúscules, urgència explícita ni apel·lacions directes a la identitat del lector."
8,Biaix ideològic,Central,lleu,ha vuelto a cargar contra el Gobierno español,"El text és majoritàriament informatiu i presenta les dues parts (Trump i la resposta del govern espanyol). Hi ha indicis aïllats de framing lleugerament favorable a la posició espanyola: l'ús de 'cargar contra' implica agressivitat de Trump, i l'explicació legal detallada sobre per què la mesura seria 'tumbada' pels tribunals suggereix que l'amenaça és infundada. El terme 'bazuca' al titular afavoreix la narrativa de fortalesa espanyola. Tot i això, no hi ha polarització sistemàtica ni denigració coordinada; el text cita fonts i context legal.",lleu,"Este instrumento, creado en 2021, se utilizó en 2023 frente a China, luego de que Pekín bloqueara las importaciones lituanas como represalia política","L'Instrument Anti-Coerció va ser adoptat el 2023 (Reglament 2023/2675), no el 2021 com afirma el text. A més, tot i que es va crear amb el cas lituà com a context, no es va 'utilitzar' formalment contra la Xina sinó que va servir com a eina de dissuasió. Aquesta imprecisió és un indici aïllat de dada inexacta sense font verificable, però no configura una narrativa enganyosa coordinada.",lleu,España es una causa perdida. Ya no queremos hacer ningún negocio comercial con ellos. Quiero que lo corten. Es un aliado terrible en la OTAN.,"El llenguatge emocional més intens prové de les cites textuals de Trump ('causa perdida', 'aliado terrible', 'corten todo'), que el text reprodueix com a informació periodística legítima, no com a recurs retòric propi. El titular usa 'bazuca' com a metàfora bèl·lica que aporta dramatisme, però és un terme tècnic establert. El text en si manté un to predominantment expositiu i no satura amb recursos emocionals propis de l'autor."
9,Biaix ideològic,Esquerra,moderada,"España es una causa perdida. Por cierto, ya no queremos hacer ningún negocio comercial con España. Quiero que lo corten. España es un aliado terrible en la OTAN. No participan. No pagan. No quiero saber nada de España. Corten todo el comercio con España, por favor, incluidas las visitas","El text reprodueix àmpliament les declaracions negatives de Trump sobre Espanya ('causa perdida', 'aliado terrible', 'se portó muy mal', 'socio terrible') amb un framing negatiu estructural que domina bona part de l'article. Tot i que també recull el canvi de to posterior ('se redimió', 'muy generosa'), la juxtaposició crea un relat polaritzat entre càstig i redempció. El text no és purament neutral: selecciona i ordena declaracions per construir un arc narratiu de tensió-resolució que emfatitza el poder unilateral de Trump sobre Espanya. No arriba a alta perquè no hi ha denigració editorial pròpia del mitjà, sinó citació directa, i s'inclou la perspectiva espanyola mínimament (Sánchez considera innecessari el 5%).",moderada,España 'se redimió por completo' después de que el Gobierno del país ibérico accediera a una 'importante solicitud de pago' a la OTAN... El mandatario no precisó a qué 'importante solicitud de pago' se refería.,"El titular i el cos de la notícia presenten com a fet consumat que Espanya va accedir a una 'important sol·licitud de pagament', però el propi text reconeix que Trump no va precisar a què es referia i no s'ofereixen detalls ni fonts que ho confirmin. Es presenta una afirmació no verificada de Trump com a realitat factual sense contrastar-la amb fonts del govern espanyol. A més, la xifra del 5% del PIB en defensa es presenta sense context sobre quants aliats la compleixen realment (cap), creant una impressió distorsionada de l'excepcionalitat espanyola.",moderada,"se redimió por completo; se portó muy mal; amenazó con detener 'completamente' el comercio bilateral; España es una causa perdida; aliado terrible; No quiero saber nada de España; Corten todo el comercio con España, por favor, incluidas las visitas","El text acumula múltiples paraules i expressions emocionalment carregades: 'redimió' (religiós/moral), 'causa perdida' (desesperança), 'terrible' (intensificador negatiu), 'amenazó', 'tensión', 'unidad tremenda', 'bastante impresionante'. La retòrica de càstig-perdó ('se portó muy mal' → 'se redimió') apel·la a una dinàmica emocional de subordinació. Tot i que gran part són citacions directes de Trump, la selecció i l'acumulació d'aquestes expressions al llarg del text genera una saturació emocional significativa amb almenys 5 recursos retòrics coordinats: paraules emocionals intenses, urgència implícita, hipèrboles ('completamente', 'todo'), dinàmica amenaça/recompensa i framing moral."
10,Biaix ideològic,Dreta,alta,"¿Con Franco se vivía mejor? Desde mi punto de vista sí. Había ciertas cosas en aquellos tiempos en las que no estabamos modernizados, pero había tranquilidad trabajando, no había problemas, podías pasear por la calle tranquilamente y podías dejar la puerta de casa abierta sin miedo.","El text presenta un framing nostàlgic sistemàtic del franquisme com a època de 'tranquil·litat', 'sense problemes', 'sense por', ometent deliberadament la repressió política, la censura, la manca de drets civils i les execucions del règim. Es construeix un bando implícit: l'ordre franquista (positiu) vs. la democràcia actual (negativa, amb 'dejadez', 'libertad malentendida', 'inseguridad'). L'analogia deformant és total: es presenta una dictadura com a model desitjable, denigrant implícitament el sistema democràtic actual. Hi ha múltiples indicis coordinats: framing nostàlgic estructural, bandos enfrontats (abans vs. ara), verbs carregats ('dejadez de funciones', 'no le dejan actuar'), i la petició explícita de 'mano dura' policial.",alta,"no había problemas, podías pasear por la calle tranquilamente y podías dejar la puerta de casa abierta sin miedo... Ahora la policia tiene mucha dejadez de funciones porque no le dejan actuar como deben actuar","El text conté una narrativa coordinada enganyosa amb múltiples claims falsos o distorsionats: 1) Que amb Franco 'no hi havia problemes' i es vivia amb tranquil·litat total (omet repressió, tortura, presoners polítics, pobresa extrema, emigració massiva). 2) La generalització abusiva que la policia actual té 'dejadez de funciones' sense cap dada ni font. 3) La falsa causalitat que la inseguretat actual es deu a la 'llibertat malentesa' democràtica. 4) L'omissió deliberada que la 'tranquil·litat' franquista era producte del terror d'Estat, no de l'ordre social genuí. Tot plegat constitueix una narrativa revisionista històrica presentada com a testimoni fiable.",moderada,"sin miedo... teníamos esa tranquilidad... teníamos temor, tu tenías 18 años y llevabas el pelo largo y tenías temor de que te parara la policia... con mas mano dura como en su momento","S'utilitzen 3-5 recursos emocionals coordinats: 1) Paraules emocionals repetides ('tranquilidad' x4, 'miedo', 'temor') per evocar nostàlgia i por. 2) Apel·lació a la identitat generacional ('yo era joven', 'tenía 15 años') que genera credibilitat emocional. 3) Imatges quotidianes idealitzades ('dejar la puerta abierta', 'pasear por la calle') que apel·len a un passat idíl·lic. 4) El format conversacional (pregunta-resposta amb joves) amplifica l'efecte emocional en presentar-ho com a testimoni directe autèntic. No arriba a alta perquè no hi ha MAJÚSCULES, exclamacions excessives ni hipèrboles numèriques, però la coordinació de nostàlgia + por + autoritat testimonial és clarament manipulativa."
11,Llenguatge emocional,Dreta,alta,"hay extranjeros que vienen a delinquir, hay extranjeros que vienen a imponer fanatismos y hay extranjeros que vienen a recibir las ayudas sociales que necesitan los españoles","Biaix ideològic alt amb múltiples indicadors coordinats: (1) Framing negatiu estructural que presenta la immigració principalment com a amenaça ('delinquir', 'imponer fanatismos', 'recibir ayudas sociales'). (2) Bandos enfrontats explícits: 'españoles' vs 'extranjeros', amb les ajudes socials com a recurs en disputa ('ayudas sociales que necesitan los españoles'). (3) Paraules carregades: 'religión fanática', 'fanatismos', 'delinquir'. (4) Framing polaritzant que divideix els estrangers en 'bons' (treballen, cotitzen) vs 'dolents' (delinqueixen, imposen), una simplificació maniquea. (5) Proposta de 'remigración' presentada com a solució lògica, normalitzant un concepte ideològicament extrem. (6) Deslegitimació de la pregunta del periodista ('falsa hipótesi', 'no me está haciendo una pregunta sino dando una opinión'), tàctica de framing per evitar el debat.",moderada,hay extranjeros que vienen a recibir las ayudas sociales que necesitan los españoles... una vivienda social pública que necesiten los españoles,"Múltiples afirmacions presentades com a fets sense cap font ni dada: (1) La premissa que els estrangers 'venen a rebre ajudes socials' és una generalització abusiva sense suport estadístic; la majoria d'estudis mostren contribució fiscal neta dels immigrants. (2) La implicació que l'habitatge social públic es destina a estrangers en detriment d'espanyols no s'acompanya de cap dada. (3) L'associació entre població estrangera i 'imposar una religió fanàtica que converteixi les dones en éssers inferiors' és una generalització abusiva que presenta anècdotes o percepcions com a fenomen sistèmic, sense cap evidència concreta.",alta,imponer una religión fanática que convierta las mujeres en seres inferiores... repatriación... deportación... remigración,"Saturació retòrica amb 6+ recursos coordinats: (1) Paraules emocionals intenses: 'fanática', 'seres inferiores', 'delinquir', 'deportación'. (2) Anàfora deliberada triple: 'hay extranjeros que vienen a delinquir, hay extranjeros que vienen a imponer fanatismos y hay extranjeros que vienen a recibir' — estructura retòrica de martell repetitiu dissenyada per amplificar l'impacte emocional. (3) Apel·lació a identitat: 'los españoles' repetit com a grup que pateix, creant identificació emocional amb l'audiència. (4) Gradació retòrica en les solucions: 'repatriación, deportación, remigración' — escalada de contundència. (5) Apel·lació a la por: referència a religió fanàtica i dones com a éssers inferiors, activant por i indignació. (6) Contraposició emocional: l'estranger 'benvingut' vs l'estranger 'deportable', forçant una resposta emocional binària."
12,Llenguatge emocional,Dreta,alta,"este gobierno los violadores en la calle, y se ha dedicado a importar a gente que no respeta a las mujeres","El text presenta un biaix ideològic sistemàtic i polaritzant amb múltiples indicis coordinats: (1) Framing negatiu estructural contra el govern: 'los violadores en la calle', 'se ha dedicado a importar'; (2) Bandos enfrontats explícits: 'nosotros' (Vox, els defensors de les dones) vs 'este gobierno' (els culpables); (3) Verbs carregats d'intencionalitat: 'importar gente' (deshumanització deliberada d'immigrants, implica culpa activa del govern); (4) Denigració directa de l'adversari polític atribuint-li responsabilitat directa de violacions; (5) Autoatribució absoluta de superioritat moral: 'somos el partido que defiende más a las mujeres'; (6) Comparació deformant implícita: el govern com a facilitador de violència sexual. Són 6+ indicis coordinats en una narrativa polaritzant clara.",alta,"se han multiplicado las violaciones, porque este gobierno los violadores en la calle, y se ha dedicado a importar a gente que no respeta a las mujeres","Narrativa coordinada enganyosa amb múltiples indicis: (1) 'Se han multiplicado las violaciones': afirmació concreta sense cap font ni dada verificable; les estadístiques oficials no recolzen una 'multiplicació'; (2) 'Los violadores en la calle': generalització abusiva que presenta com a sistèmic casos anecdòtics vinculats a la llei del 'solo sí es sí', ometent el context de revisions judicials posteriors; (3) 'Importar a gente que no respeta a las mujeres': generalització xenòfoba massiva que atribueix a tot un col·lectiu immigrant una característica delictiva, sense cap suport estadístic; (4) Omissió deliberada de context: no menciona que la violència sexual existia abans d'aquest govern ni que les causes són multicausals. Conjunt de claims falsos o distorsionats articulats en narrativa coherent.",alta,"se han multiplicado las violaciones, porque este gobierno los violadores en la calle, y se ha dedicado a importar a gente que no respeta a las mujeres. Me parece que somos el partido que defiende más a las mujeres. Nosotros queremos dejar en prisión de manera perpetua a los agresores sexuales","Saturació retòrica amb 6+ recursos coordinats: (1) Paraules emocionals intenses: 'violaciones', 'violadores', 'agresores sexuales' repetides per generar por i indignació; (2) Apel·lació a identitat col·lectiva: 'nosotros' repetit com a grup protector; (3) Urgència implícita: si no actuem, les dones seguiran en perill; (4) Hipèrbole: 'se han multiplicado', 'prisión perpetua', 'no hay ningún partido'; (5) Anàfora retòrica: repetició de 'porque' per acumular arguments emocionals en cascada; (6) Apel·lació a la por: el govern deixa violadors al carrer i importa agressors. Tot coordinat per provocar por, indignació i adhesió identitària."
13,Llenguatge emocional,Esquerra,moderada,"la presentación de un proyecto con aires feministas, sindicalistas y ecologistas. Frente a una auditorio abarrotado... se ha acompañado de un plantel de mujeres, cuya elección ha supuesto toda una declaración de intenciones. Junto a ella, posaban orgullosas...","El text presenta el projecte de Sumar des d'un framing positiu coordinat: 'auditorio abarrotado' (èxit de convocatòria), 'plantel de mujeres' (valoració positiva), 'posaban orgullosas' (atribució emocional favorable), 'declaración de intenciones' (framing admiratiu). No hi ha cap veu crítica, cap contraposició ni cap perspectiva alternativa. Tot i que gran part del text reprodueix declaracions literals de Díaz, la veu narradora amplifica sistemàticament el to favorable sense equilibri informatiu. No arriba a alta perquè no hi ha denigració d'adversaris ni polarització explícita nosaltres/ells des de la veu periodística.",lleu,entre gritos y aplausos de las cerca de 3.000 personas que la han acompañado en el polideportivo Magariños,"La xifra de 3.000 assistents es presenta sense font oficial ni atribució (organització, policia, aforament). És una dada concreta no verificada dins el text. La resta d'informació (noms de polítiques presents, declaracions literals) és verificable. No hi ha generalitzacions abusives ni narratives contradictòries, per la qual cosa es queda en un únic indici aïllat.",alta,"Quiero ser la primera presidenta del país, porque es el tiempo de las mujeres... la España de las mujeres es imparable, porque no hay marcha atrás... Lo vamos a conseguir... las mujeres estamos cansadas de tutelas... No pertenecemos a nadie más que a nosotras mismas... nosotras hacemos política para hacer a la gente feliz... Yo soy libre, nadie puede detener la marcha de mis pensamientos","El text està saturat de recursos emocionals: (1) Anàfora repetida 'Quiero ser la primera presidenta' (3 vegades); (2) Apel·lació identitària constant al col·lectiu dones ('las mujeres', 'nosotras', 'España de las mujeres'); (3) Hipèrboles i absoluts ('imparable', 'no hay marcha atrás', 'nadie puede detener'); (4) Urgència temporal ('el tiempo de las mujeres', 'el futuro ya está aquí'); (5) Paraules emocionals acumulades ('cansadas', 'libres', 'lucha', 'esperanza', 'feliz', 'dignidad'); (6) Cita literària de Rosalía de Castro com a recurs retòric d'autoritat emocional; (7) Referència personal íntima (la filla) per connectar emocionalment. Són 7+ recursos coordinats, cosa que configura una saturació retòrica pròpia d'intensitat alta."
14,Llenguatge emocional,Esquerra,alta,"esa propuesta de las derechas retrógradas que quieren desmantelar prácticamente todos los avances (...) rezumar clasismo. Reniegan de las conquistas en derechos, en dignidad laboral, rechazan el estado del bienestar, niegan el cambio climático, desprecian a quienes aman de forma distinta a ellos, imponen un modelo único y excluyente","El text presenta una polarització extrema i sistemàtica entre dos bàndols: 'nosaltres' (progrés, drets, lluita) vs 'les dretes retrògrades' (desmantellen, reneguen, rebutgen, desprecien, imposen). Hi ha framing negatiu estructural massiu amb acumulació de verbs carregats ('rezumar clasismo', 'reniegan', 'desprecian', 'imponen') que atribueixen intenció maliciosa a l'adversari. La construcció 'nosaltres per cada euro... deu euros' reforça el bàndol virtuós contra l'enemic demonitzat. Es superen àmpliament els 6 indicis: paraules valoratives intenses ('retrógradas', 'clasismo', 'cáncer social'), bàndols enfrontats explícits, verbs amb càrrega moral, framing negatiu sistemàtic i denigració directa de l'oponent.",moderada,"quieren desmantelar prácticamente todos los avances que hemos logrado durante estas últimas décadas (...) niegan el cambio climático, desprecian a quienes aman de forma distinta a ellos",Hi ha múltiples generalitzacions abusives sense suport factual: atribuir a totes 'les dretes' que volen desmantelar 'pràcticament tots' els avenços és una hipèrbole presentada com a fet. Afirmar que 'neguen el canvi climàtic' i 'desprecien' col·lectius LGTBI com a posició uniforme de tota la dreta és una simplificació enganyosa que omet matisos. La promesa 'por cada euro... diez euros' és una xifra concreta sense cap base pressupostària verificable. Són anècdotes i posicions parcials presentades com a sistèmiques.,alta,dilema existencial (...) legaremos a nuestros hijos y a nuestras hijas (...) hay mucho en juego (...) este cáncer social (...) nosotros vamos a dedicar diez euros a la lucha (...) les consagramos todo nuestro tiempo y todo nuestro esfuerzo,"Saturació retòrica amb més de 6 recursos emocionals coordinats: apel·lació a la por i urgència ('dilema existencial', 'hay mucho en juego'), apel·lació a la família i el futur ('hijos e hijas', 'legaremos'), metàfora hiperbòlica ('cáncer social'), paraules emocionals intenses ('dignidad', 'lucha', 'víctimas', 'consagramos'), anàfora retòrica ('por cada euro... por cada minuto'), contrast dramàtic amplificador ('un euro vs deu euros', 'un minuto vs todo nuestro tiempo'). L'estructura acumulativa construeix un crescendo emocional deliberat que culmina amb la promesa sacrificial ('todo nuestro tiempo y todo nuestro esfuerzo')."
15,Llenguatge emocional,Dreta,alta,"los malditos micrófonos de la casta decían que era imposible [...] a pesar de sus operaciones, de sus mentiras, de sus difamaciones y de su persecución asquerosa [...] Nos destruyeron la vida, nos robaron el fruto de nuestro trabajo [...] Nos quieren esclavos de sus dádivas, nos quieren sumisos, de rodillas [...] el miedo es la herramienta de los cobardes que quieren mantener sus privilegios","El text presenta una polarització extrema i sistemàtica entre 'nosaltres' (el poble, els liberals, el lleó) i 'ells' (la casta, els cobardes, els privilegiats). Hi ha framing negatiu estructural massiu: 'malditos', 'casta', 'persecución asquerosa', 'esclavos', 'maldita miseria'. S'utilitzen verbs fortament carregats que imputen culpabilitat moral: 'destruyeron', 'robaron', 'quitaron'. Hi ha denigració directa de l'adversari amb insults ('cobardes', 'casta', 'asquerosa') i bandos enfrontats de manera explícita i constant al llarg de tot el discurs. Es compten més de 10 indicis coordinats de biaix ideològic.",moderada,este país que alguna vez fue el más rico del mundo [...] Hemos logrado una gesta histórica que nadie en la historia de este país fue capaz de hacer en tan poco tiempo,"L'afirmació que l'Argentina 'va ser el país més ric del món' és una generalització històrica distorsionada: l'Argentina va tenir un PIB per càpita alt a principis del segle XX però mai no va ser el país més ric del món en termes absoluts ni per càpita de manera sostinguda. A més, l'afirmació d'haver aconseguit 'una gesta històrica que ningú va ser capaç de fer' és una claim grandiosa sense cap dada ni font que la sustenti. Aquestes dues afirmacions sense context ni fonts, combinades amb l'omissió deliberada de matisos, configuren desinformació moderada.",alta,"Me desgarra el alma ver a los padres argentinos llorando porque sus hijos se van del país [...] Me duele ver a los abuelitos tener que elegir entre comprarse los remedios o comer ese día [...] ¡Pero no contaban con que el león iba a despertar! [...] esta elección se trata de ustedes, se trata de sus hijos, se trata de sus nietos [...] ¡Viva la libertad, carajo!","Hi ha una saturació retòrica completa amb més de 10 recursos emocionals coordinats: apel·lacions a la identitat col·lectiva ('pueblo argentino', 'padres', 'abuelitos', 'hijos', 'nietos'), paraules emocionals intenses ('desgarra el alma', 'tristeza', 'duele', 'miseria', 'miedo'), anàfores repetides ('se trata de... se trata de... se trata de...', 'nos destruyeron... nos robaron... nos quitaron'), exclamacions constants, metàfora del lleó com a despertar heroic, urgència implícita ('basta', 'ahora o nunca' implícit), hipèrboles ('gesta histórica que nadie fue capaz'), i apel·lació directa al receptor ('les pido con el corazón en la mano'). El text és un exemple paradigmàtic de discurs populista amb manipulació emocional deliberada i constant."
16,Llenguatge emocional,Dreta,alta,"ustedes, que tratan como violadores a todos los hombres de España... no tratan como violadores a los violadores reales, a los que nos dicen que son víctimas que merecen la reinserción y a los que rebajan las penas para sacarlos a la calle... ustedes han destruido la verdadera igualdad... ustedes solo quieren igualdad en la miseria y en la ruina","El text presenta una polarització extrema i sistemàtica tipus 'nosaltres vs ells' (els espanyols vs 'ustedes'/el govern Sánchez). Hi ha framing negatiu estructural massiu: 'profanar tumbas', 'remover huesos', 'destruido', 'roban', 'miseria', 'ruina'. Paraules valoratives intenses com 'violadores', 'denigran', 'borran' aplicades al rival polític. Verbs carregats d'intenció moral: 'persiguen el mérito', 'roban la posibilidad de prosperar'. Bandos enfrontats explícits: el govern com a agent destructor actiu vs 'los españoles' com a víctimes. S'acumulen molt més de 6 indicis coordinats de biaix ideològic de dreta conservadora contra l'esquerra.",moderada,"ustedes, que tratan como violadores a todos los hombres de España, al menos como violadores en potencia... rebajan las penas para sacarlos a la calle... ustedes han destruido la verdadera igualdad... Ustedes persiguen el mérito y el esfuerzo en la escuela","Múltiples generalitzacions abusives sense suport factual: dir que el govern tracta 'todos los hombres' com a violadors és una deformació de la llei del 'solo sí es sí'. Afirmar que 'rebajan las penas para sacarlos a la calle' omet el context (les rebaixes van ser un efecte no desitjat de la llei, no un objectiu). Presentar que 'persiguen el mérito en la escuela' i que 'destruyen la igualdad de oportunidades' són claims categòrics sense cap dada ni font que els sustentin. Anècdotes i interpretacions parcials presentades com a fets sistèmics.",alta,con el corazón en la mano... profanar tumbas y remover huesos... respeto sacramental a la mujer y a la palabra madre... roban a las personas más humildes... igualdad en la miseria y en la ruina... vamos a luchar,"Saturació retòrica amb més de 6 recursos emocionals coordinats. Paraules emocionals intenses: 'profanar', 'sacramental', 'miseria', 'ruina', 'luchar', 'roban'. Apel·lacions identitàries: 'los españoles', 'las personas más humildes', 'la mujer', 'la palabra madre'. Hipèrboles sistemàtiques: 'no ha dejado a un solo español vivo tranquilo', 'todos los hombres de España'. Urgència implícita en 'vamos a luchar'. Anàfora amb 'ustedes' repetit com a recurs acusatori. Imatge visceral de 'remover huesos' i 'profanar tumbas' per provocar rebuig emocional. El conjunt busca indignar i mobilitzar, no informar."
17,Llenguatge emocional,Esquerra,alta,EEUU piensa que el mundo es suyo... No lo podemos permitir... Rompamos relaciones con EEUU y salgamos de la OTAN,"Biaix antiamericanista i antiatlantista sistemàtic amb múltiples indicadors coordinats: (1) Framing negatiu estructural que presenta EEUU com a amenaça imperial ('piensa que el mundo es suyo'), (2) Bandos enfrontats explícits: 'nosaltres' (implícit) vs EEUU/OTAN com a enemics, (3) Generalització abusiva que redueix tota la política exterior d'EEUU a una sola frase denigrant, (4) Crida a l'acció polaritzant ('rompamos relaciones', 'salgamos de la OTAN') sense cap matís ni consideració de conseqüències, (5) Framing de confrontació total sense espai per al debat racional, (6) Analogia deformant implícita d'EEUU com a potència imperialista opressora. Són 6+ indicis coordinats amb polarització extrema.",moderada,EEUU piensa que el mundo es suyo,"Generalització abusiva massiva presentada com a fet objectiu: atribueix a tot un país ('EEUU') una intenció unívoca ('piensa que el mundo es suyo') sense cap evidència, font ni matís. A més, la crida a 'rompre relacions' i 'sortir de l'OTAN' omet deliberadament tot el context de les implicacions geopolítiques, econòmiques i de seguretat que tindria aquesta acció, cosa que constitueix omissió deliberada de context rellevant. Dos indicadors clars: generalització abusiva + omissió de context.",alta,No lo podemos permitir... Rompamos relaciones con EEUU y salgamos de la OTAN antes de que sea tarde,"Saturació retòrica amb 6+ recursos coordinats: (1) Urgència explícita: 'antes de que sea tarde' (exactament l'indicador definit), (2) Paraules emocionals d'amenaça implícita ('no lo podemos permitir' implica perill), (3) Apel·lació a identitat col·lectiva amb 'nosaltres' implícit ('podemos', 'rompamos', 'salgamos'), (4) Imperatius retòrics que criden a l'acció emocional ('rompamos', 'salgamos'), (5) Punts suspensius com a recurs retòric per crear tensió dramàtica, (6) Hipèrbole geopolítica ('el mundo es suyo'). Tot el text és una crida emocional a l'acció sense cap argument racional."
18,Llenguatge emocional,Esquerra,alta,"España ya es otra, España ya ha cambiado y no vamos a parar hasta que la dignidad se haga costumbre... que viva la furia trans, que viva el orgullo LGTBI... que viva la lucha antiracista y que viva la lucha de las mujeres","El text presenta una visió exclusivament progressista de la realitat espanyola com a únic camí legítim, sense reconèixer cap perspectiva alternativa. Hi ha un framing ideològic clar on el canvi d'Espanya es presenta com inherentment positiu ('dignidad se haga costumbre' implica que abans no hi havia dignitat). La construcció 'nosaltres' implícit ('no vamos a parar') vs un adversari no nomenat però present (qui s'oposa a aquestes lluites) crea polarització de bandos enfrontats. L'enumeració selectiva de causes exclusivament d'un espectre ideològic (trans, LGTBI, antiracisme, feminisme) sense cap matís ni equilibri constitueix biaix sistemàtic i coordinat amb 6+ indicis: framing positiu unilateral, bandos implícits, verbs carregats d'activisme, selecció ideològica exclusiva de temes.",lleu,"España ya es otra, España ya ha cambiado","L'afirmació que 'España ya es otra' i 'ya ha cambiado' es presenta com un fet consumat i indiscutible, sense cap dada, font ni evidència concreta que ho sustenti. És una generalització abusiva que dona per feta una transformació profunda del país sense especificar en quins indicadors es basa. No obstant, al tractar-se clarament d'un discurs polític retòric i no d'un article informatiu, l'audiència pot interpretar-ho com a opinió, per la qual cosa es queda en intensitat lleu.",alta,"no vamos a parar hasta que la dignidad se haga costumbre... que viva la furia trans, que viva el orgullo LGTBI... que viva la lucha antiracista y que viva la lucha de las mujeres","Saturació retòrica amb 6+ recursos emocionals coordinats: (1) Paraules emocionals intenses: 'dignidad', 'furia', 'orgullo', 'lucha' (repetida 2 vegades). (2) Anàfora clara amb 'que viva' repetit 4 vegades, creant un ritme d'arenga. (3) Urgència i determinació absoluta: 'no vamos a parar'. (4) Apel·lació a identitats col·lectives: trans, LGTBI, antiracistes, dones. (5) Hipèrbole implícita: 'hasta que la dignidad se haga costumbre' implica que ara no existeix dignitat. (6) Estructura d'exclamacions acumulades amb ritme creixent. El text és pràcticament un crit de mobilització emocional pur, dissenyat per generar adhesió identitària i no per informar."
19,Llenguatge emocional,Dreta,alta,La primera verdad que el aprendiz de tirano dice en 7 años: la invasión migratoria trae inseguridad y destruye el mercado de la vivienda.,"Biaix sistemàtic amb múltiples indicis coordinats: (1) 'aprendiz de tirano' és una denigració directa amb comparació deformant cap a dictadura/tirania; (2) 'la primera verdad en 7 años' implica que tot el que ha dit durant 7 anys és mentida, framing negatiu extrem; (3) 'invasión migratoria' és un framing negatiu intens que presenta la immigració com una amenaça bèl·lica; (4) 'destruye' és un verb carregat que implica destrucció total; (5) es creen bandos enfrontats implícits (immigrants vs ciutadans, tirano vs poble); (6) es valida una narrativa antimigratòria com a 'veritat' única. Polarització extrema i sistemàtica amb 6+ indicis coordinats.",moderada,la invasión migratoria trae inseguridad y destruye el mercado de la vivienda,"Es presenten com a fets incontestables dues afirmacions causals complexes sense cap font ni dada: (1) que la immigració 'porta inseguretat' és una generalització abusiva que estableix una correlació causal no demostrada; (2) que 'destrueix' el mercat de l'habitatge és una altra afirmació causal simplificada sense evidència. A més, el terme 'invasión' ja deforma la realitat migratòria. Són múltiples claims presentats com a veritats absolutes sense suport empíric.",alta,La primera verdad que el aprendiz de tirano dice en 7 años: la invasión migratoria trae inseguridad y destruye el mercado de la vivienda.,"Saturació retòrica amb 6+ recursos emocionals coordinats: (1) 'aprendiz de tirano' evoca por i rebuig visceral; (2) 'invasión' és una paraula amb càrrega emocional bèl·lica molt intensa que genera alarma; (3) 'inseguridad' apel·la directament a la por; (4) 'destruye' és hiperbòlic i catastrofista; (5) 'la primera verdad en 7 años' crea indignació i desconfiança; (6) l'estructura retòrica de presentar una 'veritat' dins d'un marc de mentides sistemàtiques és manipulació emocional deliberada. Tot el text és un condensat emocional dissenyat per generar por, ràbia i rebuig simultàniament."
20,Llenguatge emocional,Dreta,moderada,Y siempre son los mismos. [...] Hace poco también había dos rumanas robando por aquí. [...] Hace poco vinieron un par de argelinos y le robaron la cadena a una mujer.,"Hi ha un framing negatiu coordinat que associa sistemàticament la inseguretat amb col·lectius ètnics concrets ('argelinos', 'rumanas'), presentant-los com a responsables únics dels problemes del barri. L'expressió 'siempre son los mismos' és una generalització ètnica implícita que funciona com a biaix estructural. A més, es construeix una narrativa de 'nosaltres (veïns de tota la vida) vs ells (nouvinguts)', creant bandos implícitament enfrontats. Tot i que no hi ha insults directes ni polarització extrema, la coordinació de framing negatiu + identificació ètnica + dicotomia nosaltres/ells suma 3-4 indicis coordinats, situant-ho en moderada.",lleu,Llamamos por cada incidencia a la Guardia Urbana y muchas veces nos dicen que solo hay dos patrullas para toda esta zona y que una sola patrulla no puede venir.,"Es presenta com a fet verificable que només hi ha dues patrulles per a tota la zona, però és una afirmació atribuïda vagament ('nos dicen') sense font oficial ni dades contrastables. Els relats de robatoris són anècdotes personals presentades com a evidència d'un problema sistèmic ('cada día, una historia nueva', 'el pan de cada día'), sense dades objectives de criminalitat que ho sustentin. És un sol tipus d'indicador (anècdotes com a prova sistèmica), per tant es manté en lleu.",moderada,"A mi abuela, de 88 años, la volvieron a robar. Le rompieron la clavícula, la cadera y el fémur. Todo por una simple cadena.","S'utilitzen múltiples recursos emocionals coordinats: (1) apel·lació a la vulnerabilitat extrema (àvia de 88 anys, home mayor), (2) detalls físics gràfics per generar indignació (clavícula, cadera, fèmur trencats), (3) contrast emocional amplificador ('Todo por una simple cadena'), (4) repetició anafòrica del patró víctima-agressor per acumular impacte, (5) urgència implícita amb 'hemos vuelto al mismo punto'. Són 4-5 recursos retòrics coordinats que busquen mobilitzar emocionalment l'audiència jove, situant la intensitat en moderada."
21,Desinformació,,alta,"Los desayunos de la vicepresidenta del Gobierno, Yolanda Díaz, son todo menos equilibrados porque hay un desequilibrio evidente para la salud y para los bolsillos, en este caso de todos los españoles: su ministerio pasa factura de nada más y nada menos que 68.000 euros","Framing negatiu estructural sistemàtic contra una figura política concreta (Yolanda Díaz) amb múltiples indicis coordinats: (1) framing negatiu reforçat amb 'pasa factura' (verb carregat que implica culpabilitat), (2) 'todo menos equilibrados' com a valoració denigrant, (3) 'desequilibrio evidente para la salud y para los bolsillos' combina framing negatiu amb apel·lació econòmica amplificada, (4) 'de todos los españoles' crea un bando enfrontat implícit (ella vs tots els ciutadans), (5) la cifra '68.000 euros' amplifica el framing negatiu, (6) 'churros, porras y bollería industrial' denigra amb detalls ridiculitzants, (7) 'muy lejos de la dieta saludable que recomiendan en Sanidad o Consumo' afegeix ironia per subratllar hipocresia. Són 6+ indicis coordinats amb intenció clara de denigrar una figura política progressista.",moderada,"su ministerio pasa factura de nada más y nada menos que 68.000 euros destinados a ese primer almuerzo diario. El ministerio de Trabajo y Economía Social, dirigido por Yolanda Díaz, se gasta 68.000 euros en churros, porras y bollería industrial para los desayunos de sus empleados","La cifra de 68.000 euros es presenta sense cap font verificable (no s'esmenta cap partida pressupostària, BOE, contracte públic ni informe). A més, es personalitza en Yolanda Díaz una despesa que, si existís, seria administrativa i no personal, creant una narrativa enganyosa d'atribució de responsabilitat directa. La generalització 'churros, porras y bollería industrial' suggereix que TOTA la despesa va a aquests productes sense cap desglossament, la qual cosa és una simplificació potencialment enganyosa.",alta,"son todo menos equilibrados porque hay un desequilibrio evidente para la salud y para los bolsillos, en este caso de todos los españoles: su ministerio pasa factura de nada más y nada menos que 68.000 euros","Saturació retòrica amb 6+ recursos coordinats: (1) hipèrbole 'nada más y nada menos que 68.000 euros' per dramatitzar la cifra, (2) joc de paraules retòric 'equilibrados/desequilibrio' com a recurs estilístic manipulatiu, (3) apel·lació a la butxaca col·lectiva 'los bolsillos de todos los españoles' per provocar indignació, (4) ironia com a arma emocional al comparar amb 'la dieta saludable que recomiendan en Sanidad o Consumo', (5) 'pasa factura' és metàfora emocional de càstig/culpa, (6) enumeració ridiculitzant 'churros, porras y bollería industrial' per provocar menyspreu. El text està dissenyat per generar indignació i ridiculització, no per informar."
22,Desinformació,,alta,"Soy inmigrante, no trabajo. Recibo ayudas cada mes. Vivo de la comida y de ocupar viviendas. Ocupo esta casa desde hace 10 años y nunca he pagado alquiler.","El text construeix un arquetip d'immigrant com a paràsit social de manera sistemàtica i coordinada. Hi ha biaix xenòfob estructural: framing negatiu extrem on la figura de l'immigrant es redueix a 'no treballa, ocupa, viu d'ajudes'. Polarització explícita 'nosaltres vs ells' ('tú trabajas y yo como de tu dinero'). Denigració directa d'un col·lectiu sencer presentant una caricatura com a representativa. El text funciona com a propaganda anti-immigració amb tots els tòpics coordinats: ocupació, ajudes, no treballar, viure de l'estat.",alta,"El dueño me paga la luz y el agua, y yo vivo gratis. También, durante los 10 años que he vivido aquí, nunca he trabajado. Solo vivo de ayudas, ayudas, ayudas.","Narrativa coordinada enganyosa que presenta com a sistèmic un escenari fictici o extremament anecdòtic. Múltiples claims sense cap font ni evidència: que el propietari paga llum i aigua a l'ocupant, que es pot viure 10 anys sense treballar només d'ajudes socials (contradiu el funcionament real del sistema d'ajudes espanyol, que té límits temporals i requisits). El format de 'testimoni personal' es fa servir per donar versemblança a una narrativa que descriu com a norma el que seria una excepció impossible, generalitzant-ho implícitament a tot un col·lectiu ('muchos españoles quieren entender muy bien').",alta,"Tú dices que tú trabajas y yo como de tu dinero. Muy bien, tú trabajas y yo como. ¿Por qué? Porque no todos van a trabajar; unos van a trabajar y otros van a tener que comer.","Saturació retòrica deliberada: to provocador i burlesc ('no muevo mi culo de la silla'), apel·lació directa a la indignació del receptor ('tú trabajas y yo como'), repetició anafòrica intensiva ('ayudas, ayudas, ayudas'), hipèrbole ('nunca he trabajado', '10 años'), interpel·lació directa al lector ('te lo agradezco para que lo entiendas'), ironia provocadora ('seguramente a muchos les gustaría estar como yo'), i tancament amb '¡Viva España!' com a activador identitari. Tot el text està dissenyat per generar ràbia i ressentiment cap als immigrants."
23,Desinformació,,alta,"Los tiroteos, los asesinatos, se han convertido en el paisaje de Cataluña. Hoy los catalanes se preguntan qué ha pasado en apenas dos generaciones para pasar de escuchar al sereno y dormir con la puerta abierta a convertirnos en Ciudad Juárez.","Framing negatiu sistemàtic i estructural: es presenta Catalunya com un territori definit pels 'tiroteos' i 'asesinatos' com a 'paisaje' (generalització extrema). Comparació deformant amb Ciudad Juárez (una de les ciutats més violentes del món), que és una analogia grotescament desproporcionada. Polarització implícita: 'nosaltres' (catalans víctimes) vs el govern d'Illa (responsable per inacció). Enumeració acumulativa de casos concrets per construir una narrativa de caos generalitzat. Bandes enfrontades: interpel·lació directa al president com a negador de la realitat ('¿Hasta cuándo piensa seguir negando esta realidad?'). Mínim 6 indicis coordinats: framing negatiu estructural, comparació deformant, verbs carregats ('ejecutado', 'asesinado'), generalització abusiva ('día a día'), bandos enfrontats i denigració de l'adversari polític.",moderada,"los asesinatos, tiroteos y agresiones que ya forman parte del día a día de Cataluña","Es mencionen casos concrets reals (tiroteig al carrer Balmes, Salou, apunyalament a Badalona) però s'extrapolen abusivament per afirmar que formen part del 'día a día' de Catalunya, cosa que les estadístiques de criminalitat no avalen. La comparació amb Ciudad Juárez (taxa d'homicidis centenars de vegades superior) és una distorsió flagrant de la realitat. No es proporcionen dades globals de criminalitat ni fonts, i es construeix una narrativa enganyosa basada en anècdotes presentades com a sistèmiques, amb omissió deliberada del context estadístic real.",alta,pasar de escuchar al sereno y dormir con la puerta abierta a convertirnos en Ciudad Juárez,"Saturació retòrica amb múltiples recursos coordinats: (1) paraules emocionals intenses ('asesinado', 'ejecutado', 'apuñalado', 'asesinatos', 'tiroteos'); (2) apel·lació a la identitat col·lectiva ('los catalanes se preguntan', 'convertirnos'); (3) contrast nostàlgic idealitzat ('escuchar al sereno y dormir con la puerta abierta') vs distòpia present ('Ciudad Juárez') com a hipèrbole extrema; (4) enumeració acumulativa amb ritme creixent per generar angoixa ('podríamos seguir enumerando'); (5) pregunta retòrica final carregada d'urgència i acusació ('¿Hasta cuándo piensa seguir negando?'); (6) ús de 'ejecutado' en lloc de 'matar' per maximitzar l'impacte emocional. Mínim 6 recursos retòrics coordinats deliberadament."
24,Desinformació,,alta,un inmigrante tiene muchas más papeletas de recibir estas ayudas que cualquier ciudadano español,"El text construeix un framing negatiu sistemàtic de 'nosaltres vs ells' (ciutadà espanyol vs immigrant/marroquí), amb polarització explícita entre grups. Hi ha bandos enfrontats clarament definits, generalització ètnica ('un marroquí' com a categoria homogènia), i un framing de privilegi invers que presenta la immigració com a amenaça als drets dels nacionals. La menció específica de 'marroquí' afegeix una dimensió de perfil ètnic que reforça el biaix. Combinació de 6+ indicis: framing negatiu estructural, bandos enfrontats, verbs carregats amb intencionalitat, generalització ètnica, i narrativa de competició per recursos.",alta,un marroquí con sólo trabajar 6 meses ya puede traer en la práctica a toda su familia a España,"Conté múltiples claims concrets sense cap font verificable: que els immigrants tenen 'muchas más papeletas' (sense dades comparatives reals), que amb 6 mesos de treball es pot portar 'tota la família' (la reagrupació familiar requereix residència legal d'almenys 1 any, ingressos suficients i habitatge adequat, segons la Llei d'Estrangeria). L'ús d'autoritat anònima ('mi trabajo consiste en') dóna aparença de credibilitat sense ser verificable. Es presenten anècdotes o percepcions personals com a fets sistèmics, i s'ometen deliberadament les condicions legals reals de la reagrupació familiar i dels subsidis.",moderada,un inmigrante tiene muchas más papeletas de recibir estas ayudas que cualquier ciudadano español,"Apel·lació a la identitat grupal ('cualquier ciudadano español' com a víctima col·lectiva), ús de la por a la pèrdua de recursos ('muchas más papeletas'), i hipèrbole amb 'toda su familia' per maximitzar l'impacte emocional. L'expressió 'con sólo trabajar 6 meses' minimitza l'esforç de l'immigrant per generar indignació. L'apel·lació a l'autoritat personal ('mi trabajo consiste en') busca generar confiança emocional. Són 4-5 recursos retòrics coordinats: apel·lació identitària, por, hipèrbole, minimització i argument d'autoritat."
